time_s,frame_index,tag_detected,tag_count,tag_id,lateral_offset_cm,lateral_offset_px,lateral_offset_norm,yaw_error_deg,center_x_px,center_y_px,tag_width_px,mega_time_s,mega_age_s,motion_state,last_command,mega_event,mega_heading_error_deg,mega_control_error_deg,mega_correction_rpm,mega_left_rpm,mega_right_rpm,mega_last_line
1.796,1,1,1,1,-0.268,-28.733,-0.08979,179.213,291.267,188.094,321.845,0.001,1.795,STOPPED,,EVT:CALIBRATING,,,,,,EVT:CALIBRATING
1.932,2,1,1,1,-0.268,-28.735,-0.08980,179.207,291.265,188.085,321.931,0.001,1.931,STOPPED,,EVT:CALIBRATING,,,,,,EVT:CALIBRATING
1.944,3,1,1,1,-0.268,-28.760,-0.08987,179.205,291.240,188.071,321.869,0.001,1.943,STOPPED,,EVT:CALIBRATING,,,,,,EVT:CALIBRATING
1.963,4,1,1,1,-0.268,-28.741,-0.08982,179.205,291.259,188.094,321.853,0.001,1.962,STOPPED,,EVT:CALIBRATING,,,,,,EVT:CALIBRATING
1.979,5,1,1,1,-0.268,-28.745,-0.08983,179.209,291.255,188.105,321.862,0.001,1.978,STOPPED,,EVT:CALIBRATING,,,,,,EVT:CALIBRATING
1.995,6,1,1,1,-0.268,-28.758,-0.08987,179.206,291.242,188.071,321.860,0.001,1.994,STOPPED,,EVT:CALIBRATING,,,,,,EVT:CALIBRATING
2.031,7,1,1,1,-0.268,-28.743,-0.08982,179.205,291.257,188.067,321.890,0.001,2.030,STOPPED,,EVT:CALIBRATING,,,,,,EVT:CALIBRATING
2.063,8,1,1,1,-0.268,-28.719,-0.08975,179.213,291.281,188.103,321.860,0.001,2.062,STOPPED,,EVT:CALIBRATING,,,,,,EVT:CALIBRATING
2.095,9,1,1,1,-0.268,-28.733,-0.08979,179.212,291.267,188.073,321.894,0.001,2.094,STOPPED,,EVT:CALIBRATING,,,,,,EVT:CALIBRATING
2.131,10,1,1,1,-0.268,-28.728,-0.08977,179.219,291.272,188.090,321.858,0.001,2.130,STOPPED,,EVT:CALIBRATING,,,,,,EVT:CALIBRATING
2.166,11,1,1,1,-0.268,-28.754,-0.08986,179.203,291.246,188.055,321.861,0.001,2.165,STOPPED,,EVT:CALIBRATING,,,,,,EVT:CALIBRATING
2.199,12,1,1,1,-0.268,-28.733,-0.08979,179.210,291.267,188.060,321.865,0.001,2.198,STOPPED,,EVT:CALIBRATING,,,,,,EVT:CALIBRATING
2.231,13,1,1,1,-0.268,-28.747,-0.08983,179.209,291.253,188.049,321.834,0.001,2.230,STOPPED,,EVT:CALIBRATING,,,,,,EVT:CALIBRATING
2.263,14,1,1,1,-0.268,-28.746,-0.08983,179.206,291.254,188.068,321.891,0.001,2.262,STOPPED,,EVT:CALIBRATING,,,,,,EVT:CALIBRATING
2.299,15,1,1,1,-0.268,-28.764,-0.08989,179.205,291.236,188.048,321.859,0.001,2.298,STOPPED,,EVT:CALIBRATING,,,,,,EVT:CALIBRATING
2.331,16,1,1,1,-0.268,-28.744,-0.08983,179.205,291.256,188.051,321.841,0.001,2.330,STOPPED,,EVT:CALIBRATING,,,,,,EVT:CALIBRATING
2.367,17,1,1,1,-0.268,-28.756,-0.08986,179.207,291.244,188.037,321.883,0.001,2.366,STOPPED,,EVT:CALIBRATING,,,,,,EVT:CALIBRATING
2.399,18,1,1,1,-0.268,-28.736,-0.08980,179.206,291.264,188.062,321.861,0.001,2.398,STOPPED,,EVT:CALIBRATING,,,,,,EVT:CALIBRATING
2.431,19,1,1,1,-0.268,-28.737,-0.08980,179.210,291.263,188.084,321.861,0.001,2.430,STOPPED,,EVT:CALIBRATING,,,,,,EVT:CALIBRATING
2.467,20,1,1,1,-0.268,-28.725,-0.08977,179.209,291.275,188.070,321.858,0.001,2.466,STOPPED,,EVT:CALIBRATING,,,,,,EVT:CALIBRATING
2.499,21,1,1,1,-0.268,-28.738,-0.08981,179.210,291.262,188.071,321.835,0.001,2.498,STOPPED,,EVT:CALIBRATING,,,,,,EVT:CALIBRATING
2.535,22,1,1,1,-0.268,-28.757,-0.08987,179.208,291.243,188.076,321.889,2.517,0.018,STOPPED,,EVT:READY,,,,,,EVT:READY
2.567,23,1,1,1,-0.268,-28.732,-0.08979,179.212,291.268,188.032,321.851,2.517,0.050,STOPPED,,EVT:READY,,,,,,EVT:READY
2.599,24,1,1,1,-0.268,-28.772,-0.08991,179.206,291.228,188.038,321.853,2.517,0.082,STOPPED,,EVT:READY,,,,,,EVT:READY
2.635,25,1,1,1,-0.268,-28.763,-0.08988,179.202,291.237,188.049,321.913,2.517,0.118,STOPPED,,EVT:READY,,,,,,EVT:READY
2.668,26,1,1,1,-0.268,-28.778,-0.08993,179.204,291.222,188.020,321.851,2.517,0.151,STOPPED,,EVT:READY,,,,,,EVT:READY
2.703,27,1,1,1,-0.268,-28.739,-0.08981,179.207,291.261,188.045,321.864,2.517,0.186,STOPPED,,EVT:READY,,,,,,EVT:READY
2.737,28,1,1,1,-0.268,-28.749,-0.08984,179.206,291.251,188.063,321.859,2.517,0.220,STOPPED,,EVT:READY,,,,,,EVT:READY
2.767,29,1,1,1,-0.268,-28.763,-0.08989,179.203,291.237,188.073,321.869,2.517,0.250,STOPPED,,EVT:READY,,,,,,EVT:READY
2.803,30,1,1,1,-0.268,-28.739,-0.08981,179.211,291.261,188.026,321.867,2.517,0.286,STOPPED,,EVT:READY,,,,,,EVT:READY
2.836,31,1,1,1,-0.268,-28.772,-0.08991,179.204,291.228,188.054,321.838,2.517,0.319,STOPPED,,EVT:READY,,,,,,EVT:READY
2.867,32,1,1,1,-0.268,-28.779,-0.08994,179.207,291.221,188.052,321.876,2.517,0.350,STOPPED,,EVT:READY,,,,,,EVT:READY
2.903,33,1,1,1,-0.268,-28.756,-0.08986,179.206,291.244,188.051,321.875,2.517,0.386,STOPPED,,EVT:READY,,,,,,EVT:READY
2.935,34,1,1,1,-0.268,-28.728,-0.08978,179.209,291.272,188.064,321.890,2.517,0.418,STOPPED,,EVT:READY,,,,,,EVT:READY
2.971,35,1,1,1,-0.268,-28.733,-0.08979,179.212,291.267,188.050,321.835,2.517,0.454,STOPPED,,EVT:READY,,,,,,EVT:READY
3.003,36,1,1,1,-0.268,-28.771,-0.08991,179.205,291.229,188.065,321.881,2.517,0.486,STOPPED,,EVT:READY,,,,,,EVT:READY
3.035,37,1,1,1,-0.268,-28.767,-0.08990,179.200,291.233,188.067,321.870,2.517,0.518,STOPPED,,EVT:READY,,,,,,EVT:READY
3.071,38,1,1,1,-0.268,-28.742,-0.08982,179.208,291.258,188.065,321.869,2.517,0.554,STOPPED,,EVT:READY,,,,,,EVT:READY
3.103,39,1,1,1,-0.268,-28.755,-0.08986,179.203,291.245,188.043,321.868,2.517,0.586,STOPPED,,EVT:READY,,,,,,EVT:READY
3.139,40,1,1,1,-0.268,-28.737,-0.08980,179.208,291.263,188.079,321.886,2.517,0.622,STOPPED,,EVT:READY,,,,,,EVT:READY
3.171,41,1,1,1,-0.268,-28.750,-0.08984,179.208,291.250,188.025,321.844,2.517,0.654,STOPPED,,EVT:READY,,,,,,EVT:READY
3.203,42,1,1,1,-0.268,-28.749,-0.08984,179.209,291.251,188.052,321.853,2.517,0.686,STOPPED,,EVT:READY,,,,,,EVT:READY
3.239,43,1,1,1,-0.268,-28.754,-0.08986,179.204,291.246,188.039,321.866,2.517,0.722,STOPPED,,EVT:READY,,,,,,EVT:READY
3.271,44,1,1,1,-0.268,-28.724,-0.08976,179.211,291.276,188.028,321.854,2.517,0.754,STOPPED,,EVT:READY,,,,,,EVT:READY
3.307,45,1,1,1,-0.268,-28.742,-0.08982,179.207,291.258,188.049,321.852,2.517,0.790,STOPPED,,EVT:READY,,,,,,EVT:READY
3.339,46,1,1,1,-0.268,-28.745,-0.08983,179.209,291.255,188.039,321.921,2.517,0.822,STOPPED,,EVT:READY,,,,,,EVT:READY
3.371,47,1,1,1,-0.268,-28.753,-0.08985,179.205,291.247,188.034,321.855,2.517,0.854,STOPPED,,EVT:READY,,,,,,EVT:READY
3.407,48,1,1,1,-0.268,-28.723,-0.08976,179.213,291.277,188.060,321.897,2.517,0.890,STOPPED,,EVT:READY,,,,,,EVT:READY
3.439,49,1,1,1,-0.268,-28.759,-0.08987,179.211,291.241,188.049,321.881,2.517,0.922,STOPPED,,EVT:READY,,,,,,EVT:READY
3.475,50,1,1,1,-0.268,-28.756,-0.08986,179.201,291.244,188.017,321.866,2.517,0.958,STOPPED,,EVT:READY,,,,,,EVT:READY
3.507,51,1,1,1,-0.268,-28.749,-0.08984,179.210,291.251,188.024,321.882,2.517,0.990,STOPPED,,EVT:READY,,,,,,EVT:READY
3.539,52,1,1,1,-0.268,-28.748,-0.08984,179.208,291.252,188.054,321.879,2.517,1.022,STOPPED,,EVT:READY,,,,,,EVT:READY
3.575,53,1,1,1,-0.268,-28.778,-0.08993,179.200,291.222,188.003,321.853,2.517,1.058,STOPPED,,EVT:READY,,,,,,EVT:READY
3.607,54,1,1,1,-0.268,-28.750,-0.08984,179.205,291.250,188.048,321.858,2.517,1.090,STOPPED,,EVT:READY,,,,,,EVT:READY
3.643,55,1,1,1,-0.268,-28.747,-0.08984,179.210,291.253,188.026,321.868,2.517,1.126,STOPPED,,EVT:READY,,,,,,EVT:READY
3.675,56,1,1,1,-0.268,-28.731,-0.08978,179.210,291.269,188.059,321.872,2.517,1.158,STOPPED,,EVT:READY,,,,,,EVT:READY
3.707,57,1,1,1,-0.268,-28.727,-0.08977,179.211,291.273,188.027,321.864,2.517,1.190,STOPPED,,EVT:READY,,,,,,EVT:READY
3.743,58,1,1,1,-0.268,-28.745,-0.08983,179.207,291.255,188.045,321.866,2.517,1.226,STOPPED,,EVT:READY,,,,,,EVT:READY
3.775,59,1,1,1,-0.268,-28.764,-0.08989,179.205,291.236,188.032,321.880,2.517,1.258,STOPPED,,EVT:READY,,,,,,EVT:READY
3.809,60,1,1,1,-0.268,-28.751,-0.08985,179.206,291.249,188.028,321.878,2.517,1.292,STOPPED,,EVT:READY,,,,,,EVT:READY
3.843,61,1,1,1,-0.268,-28.729,-0.08978,179.213,291.271,188.030,321.892,2.517,1.326,STOPPED,,EVT:READY,,,,,,EVT:READY
3.875,62,1,1,1,-0.268,-28.756,-0.08986,179.211,291.244,188.033,321.859,2.517,1.358,STOPPED,,EVT:READY,,,,,,EVT:READY
3.911,63,1,1,1,-0.268,-28.765,-0.08989,179.203,291.235,188.045,321.855,2.517,1.394,STOPPED,,EVT:READY,,,,,,EVT:READY
3.943,64,1,1,1,-0.268,-28.777,-0.08993,179.198,291.223,188.046,321.873,2.517,1.426,STOPPED,,EVT:READY,,,,,,EVT:READY
3.975,65,1,1,1,-0.268,-28.748,-0.08984,179.205,291.252,188.020,321.844,2.517,1.458,STOPPED,,EVT:READY,,,,,,EVT:READY
4.011,66,1,1,1,-0.268,-28.748,-0.08984,179.207,291.252,188.027,321.882,2.517,1.494,STOPPED,,EVT:READY,,,,,,EVT:READY
4.043,67,1,1,1,-0.268,-28.734,-0.08979,179.207,291.266,188.023,321.868,2.517,1.526,STOPPED,,EVT:READY,,,,,,EVT:READY
4.079,68,1,1,1,-0.268,-28.740,-0.08981,179.202,291.260,188.029,321.852,2.517,1.562,STOPPED,,EVT:READY,,,,,,EVT:READY
4.111,69,1,1,1,-0.268,-28.776,-0.08993,179.204,291.224,188.000,321.866,2.517,1.594,STOPPED,,EVT:READY,,,,,,EVT:READY
4.143,70,1,1,1,-0.268,-28.748,-0.08984,179.210,291.252,188.018,321.903,2.517,1.626,STOPPED,,EVT:READY,,,,,,EVT:READY
4.179,71,1,1,1,-0.268,-28.764,-0.08989,179.205,291.236,187.993,321.852,2.517,1.662,STOPPED,,EVT:READY,,,,,,EVT:READY
4.211,72,1,1,1,-0.268,-28.762,-0.08988,179.203,291.238,188.001,321.830,2.517,1.694,STOPPED,,EVT:READY,,,,,,EVT:READY
4.247,73,1,1,1,-0.268,-28.741,-0.08981,179.207,291.259,188.013,321.864,2.517,1.730,STOPPED,,EVT:READY,,,,,,EVT:READY
4.279,74,1,1,1,-0.268,-28.769,-0.08990,179.208,291.231,188.017,321.889,2.517,1.762,STOPPED,,EVT:READY,,,,,,EVT:READY
4.311,75,1,1,1,-0.268,-28.772,-0.08991,179.208,291.228,188.011,321.874,2.517,1.794,STOPPED,,EVT:READY,,,,,,EVT:READY
4.347,76,1,1,1,-0.268,-28.734,-0.08979,179.211,291.266,188.001,321.844,2.517,1.830,STOPPED,,EVT:READY,,,,,,EVT:READY
4.381,77,1,1,1,-0.268,-28.758,-0.08987,179.205,291.242,188.024,321.872,2.517,1.864,STOPPED,,EVT:READY,,,,,,EVT:READY
4.415,78,1,1,1,-0.268,-28.736,-0.08980,179.208,291.264,188.022,321.858,2.517,1.898,STOPPED,,EVT:READY,,,,,,EVT:READY
4.448,79,1,1,1,-0.268,-28.728,-0.08978,179.214,291.272,188.022,321.903,2.517,1.931,STOPPED,,EVT:READY,,,,,,EVT:READY
4.479,80,1,1,1,-0.268,-28.764,-0.08989,179.206,291.236,188.029,321.878,2.517,1.962,STOPPED,,EVT:READY,,,,,,EVT:READY
4.515,81,1,1,1,-0.268,-28.767,-0.08990,179.208,291.233,188.003,321.869,2.517,1.998,STOPPED,,EVT:READY,,,,,,EVT:READY
4.547,82,1,1,1,-0.268,-28.780,-0.08994,179.201,291.220,188.021,321.873,2.517,2.030,STOPPED,,EVT:READY,,,,,,EVT:READY
4.579,83,1,1,1,-0.268,-28.756,-0.08986,179.206,291.244,188.005,321.854,2.517,2.062,STOPPED,,EVT:READY,,,,,,EVT:READY
4.615,84,1,1,1,-0.268,-28.751,-0.08985,179.203,291.249,188.006,321.866,2.517,2.098,STOPPED,,EVT:READY,,,,,,EVT:READY
4.647,85,1,1,1,-0.268,-28.741,-0.08981,179.210,291.259,188.016,321.883,2.517,2.130,STOPPED,,EVT:READY,,,,,,EVT:READY
4.683,86,1,1,1,-0.268,-28.775,-0.08992,179.202,291.225,188.029,321.880,2.517,2.166,STOPPED,,EVT:READY,,,,,,EVT:READY
4.715,87,1,1,1,-0.268,-28.762,-0.08988,179.199,291.238,188.015,321.887,2.517,2.198,STOPPED,,EVT:READY,,,,,,EVT:READY
4.747,88,1,1,1,-0.268,-28.716,-0.08974,179.211,291.284,188.019,321.854,2.517,2.230,STOPPED,,EVT:READY,,,,,,EVT:READY
4.783,89,1,1,1,-0.268,-28.770,-0.08991,179.201,291.230,187.993,321.856,2.517,2.266,STOPPED,,EVT:READY,,,,,,EVT:READY
4.815,90,1,1,1,-0.268,-28.756,-0.08986,179.211,291.244,188.014,321.850,2.517,2.298,STOPPED,,EVT:READY,,,,,,EVT:READY
4.851,91,1,1,1,-0.268,-28.744,-0.08982,179.213,291.256,188.014,321.873,2.517,2.334,STOPPED,,EVT:READY,,,,,,EVT:READY
4.883,92,1,1,1,-0.268,-28.757,-0.08987,179.205,291.243,188.010,321.882,2.517,2.366,STOPPED,,EVT:READY,,,,,,EVT:READY
4.915,93,1,1,1,-0.268,-28.764,-0.08989,179.203,291.236,188.007,321.891,2.517,2.398,STOPPED,,EVT:READY,,,,,,EVT:READY
4.951,94,1,1,1,-0.268,-28.755,-0.08986,179.210,291.245,188.002,321.863,2.517,2.434,STOPPED,,EVT:READY,,,,,,EVT:READY
4.983,95,1,1,1,-0.268,-28.731,-0.08978,179.217,291.269,188.003,321.878,2.517,2.466,STOPPED,,EVT:READY,,,,,,EVT:READY
5.019,96,1,1,1,-0.268,-28.746,-0.08983,179.206,291.254,188.011,321.864,2.517,2.502,STOPPED,,EVT:READY,,,,,,EVT:READY
5.051,97,1,1,1,-0.268,-28.773,-0.08992,179.202,291.227,187.996,321.895,2.517,2.534,STOPPED,,EVT:READY,,,,,,EVT:READY
5.083,98,1,1,1,-0.268,-28.774,-0.08992,179.203,291.226,188.024,321.879,2.517,2.566,STOPPED,,EVT:READY,,,,,,EVT:READY
5.121,99,1,1,1,-0.268,-28.776,-0.08992,179.205,291.224,187.989,321.876,2.517,2.604,STOPPED,,EVT:READY,,,,,,EVT:READY
5.151,100,1,1,1,-0.268,-28.752,-0.08985,179.213,291.248,188.003,321.887,2.517,2.634,STOPPED,,EVT:READY,,,,,,EVT:READY
5.187,101,1,1,1,-0.268,-28.758,-0.08987,179.209,291.242,188.007,321.919,2.517,2.670,STOPPED,,EVT:READY,,,,,,EVT:READY
5.219,102,1,1,1,-0.268,-28.757,-0.08987,179.205,291.243,187.985,321.844,2.517,2.702,STOPPED,,EVT:READY,,,,,,EVT:READY
5.253,103,1,1,1,-0.268,-28.771,-0.08991,179.204,291.229,187.987,321.880,2.517,2.736,STOPPED,,EVT:READY,,,,,,EVT:READY
5.287,104,1,1,1,-0.268,-28.756,-0.08986,179.212,291.244,188.032,321.861,2.517,2.770,STOPPED,,EVT:READY,,,,,,EVT:READY
5.322,105,1,1,1,-0.268,-28.754,-0.08986,179.201,291.246,188.000,321.887,2.517,2.805,STOPPED,,EVT:READY,,,,,,EVT:READY
5.351,106,1,1,1,-0.268,-28.746,-0.08983,179.211,291.254,188.014,321.908,2.517,2.834,STOPPED,,EVT:READY,,,,,,EVT:READY
5.390,107,1,1,1,-0.268,-28.776,-0.08992,179.201,291.224,188.015,321.863,2.517,2.873,STOPPED,,EVT:READY,,,,,,EVT:READY
5.419,108,1,1,1,-0.268,-28.754,-0.08986,179.206,291.246,187.989,321.889,2.517,2.902,STOPPED,,EVT:READY,,,,,,EVT:READY
5.455,109,1,1,1,-0.268,-28.756,-0.08986,179.208,291.244,188.012,321.863,2.517,2.938,STOPPED,,EVT:READY,,,,,,EVT:READY
5.487,110,1,1,1,-0.268,-28.766,-0.08989,179.203,291.234,188.007,321.880,2.517,2.970,STOPPED,,EVT:READY,,,,,,EVT:READY
5.519,111,1,1,1,-0.268,-28.781,-0.08994,179.207,291.219,188.000,321.888,2.517,3.002,STOPPED,,EVT:READY,,,,,,EVT:READY
5.555,112,1,1,1,-0.268,-28.760,-0.08987,179.204,291.240,188.013,321.842,2.517,3.038,STOPPED,,EVT:READY,,,,,,EVT:READY
5.587,113,1,1,1,-0.268,-28.774,-0.08992,179.202,291.226,187.994,321.866,2.517,3.070,STOPPED,,EVT:READY,,,,,,EVT:READY
5.623,114,1,1,1,-0.268,-28.763,-0.08988,179.208,291.237,187.998,321.885,2.517,3.106,STOPPED,,EVT:READY,,,,,,EVT:READY
5.655,115,1,1,1,-0.268,-28.765,-0.08989,179.204,291.235,187.999,321.859,2.517,3.138,STOPPED,,EVT:READY,,,,,,EVT:READY
5.687,116,1,1,1,-0.268,-28.743,-0.08982,179.209,291.257,187.992,321.893,2.517,3.170,STOPPED,,EVT:READY,,,,,,EVT:READY
5.725,117,1,1,1,-0.268,-28.804,-0.09001,179.201,291.196,188.003,321.883,2.517,3.208,STOPPED,,EVT:READY,,,,,,EVT:READY
5.755,118,1,1,1,-0.268,-28.767,-0.08990,179.207,291.233,187.996,321.865,2.517,3.238,STOPPED,,EVT:READY,,,,,,EVT:READY
5.791,119,1,1,1,-0.268,-28.754,-0.08986,179.207,291.246,187.990,321.891,2.517,3.274,STOPPED,,EVT:READY,,,,,,EVT:READY
5.823,120,1,1,1,-0.268,-28.762,-0.08988,179.206,291.238,188.018,321.875,2.517,3.306,STOPPED,,EVT:READY,,,,,,EVT:READY
5.855,121,1,1,1,-0.268,-28.763,-0.08988,179.199,291.237,187.980,321.860,2.517,3.338,STOPPED,,EVT:READY,,,,,,EVT:READY
5.891,122,1,1,1,-0.268,-28.765,-0.08989,179.203,291.235,187.982,321.865,2.517,3.374,STOPPED,,EVT:READY,,,,,,EVT:READY
5.923,123,1,1,1,-0.268,-28.766,-0.08989,179.203,291.234,187.975,321.893,2.517,3.406,STOPPED,,EVT:READY,,,,,,EVT:READY
5.959,124,1,1,1,-0.268,-28.752,-0.08985,179.206,291.248,187.967,321.879,2.517,3.442,STOPPED,,EVT:READY,,,,,,EVT:READY
5.991,125,1,1,1,-0.268,-28.735,-0.08980,179.211,291.265,187.998,321.873,2.517,3.474,STOPPED,,EVT:READY,,,,,,EVT:READY
6.023,126,1,1,1,-0.268,-28.777,-0.08993,179.205,291.223,187.988,321.889,2.517,3.506,STOPPED,,EVT:READY,,,,,,EVT:READY
6.059,127,1,1,1,-0.268,-28.784,-0.08995,179.198,291.216,187.989,321.861,2.517,3.542,STOPPED,,EVT:READY,,,,,,EVT:READY
6.091,128,1,1,1,-0.268,-28.774,-0.08992,179.207,291.226,188.009,321.903,2.517,3.574,STOPPED,,EVT:READY,,,,,,EVT:READY
6.127,129,1,1,1,-0.268,-28.755,-0.08986,179.211,291.245,188.008,321.882,2.517,3.610,STOPPED,,EVT:READY,,,,,,EVT:READY
6.160,130,1,1,1,-0.268,-28.777,-0.08993,179.206,291.223,187.974,321.866,2.517,3.643,STOPPED,,EVT:READY,,,,,,EVT:READY
6.191,131,1,1,1,-0.268,-28.774,-0.08992,179.201,291.226,187.999,321.894,2.517,3.674,STOPPED,,EVT:READY,,,,,,EVT:READY
6.227,132,1,1,1,-0.268,-28.750,-0.08984,179.202,291.250,187.986,321.883,2.517,3.710,STOPPED,,EVT:READY,,,,,,EVT:READY
6.259,133,1,1,1,-0.268,-28.768,-0.08990,179.204,291.232,187.983,321.893,2.517,3.742,STOPPED,,EVT:READY,,,,,,EVT:READY
6.291,134,1,1,1,-0.268,-28.744,-0.08982,179.215,291.256,187.963,321.870,2.517,3.774,STOPPED,,EVT:READY,,,,,,EVT:READY
6.327,135,1,1,1,-0.268,-28.776,-0.08993,179.202,291.224,187.992,321.876,2.517,3.810,STOPPED,,EVT:READY,,,,,,EVT:READY
6.359,136,1,1,1,-0.268,-28.755,-0.08986,179.207,291.245,187.987,321.904,2.517,3.842,STOPPED,,EVT:READY,,,,,,EVT:READY
6.395,137,1,1,1,-0.268,-28.760,-0.08988,179.203,291.240,187.964,321.853,2.517,3.878,STOPPED,,EVT:READY,,,,,,EVT:READY
6.427,138,1,1,1,-0.268,-28.751,-0.08985,179.205,291.249,187.999,321.888,2.517,3.910,STOPPED,,EVT:READY,,,,,,EVT:READY
6.459,139,1,1,1,-0.268,-28.766,-0.08989,179.210,291.234,187.990,321.868,2.517,3.942,STOPPED,,EVT:READY,,,,,,EVT:READY
6.495,140,1,1,1,-0.268,-28.750,-0.08984,179.216,291.250,187.988,321.870,2.517,3.978,STOPPED,,EVT:READY,,,,,,EVT:READY
6.527,141,1,1,1,-0.268,-28.757,-0.08987,179.202,291.243,187.994,321.872,2.517,4.010,STOPPED,,EVT:READY,,,,,,EVT:READY
6.563,142,1,1,1,-0.268,-28.766,-0.08989,179.208,291.234,188.005,321.899,2.517,4.046,STOPPED,,EVT:READY,,,,,,EVT:READY
6.595,143,1,1,1,-0.268,-28.754,-0.08986,179.209,291.246,187.972,321.900,2.517,4.078,STOPPED,,EVT:READY,,,,,,EVT:READY
6.627,144,1,1,1,-0.268,-28.769,-0.08990,179.203,291.231,188.010,321.908,2.517,4.110,STOPPED,,EVT:READY,,,,,,EVT:READY
6.663,145,1,1,1,-0.268,-28.738,-0.08981,179.207,291.262,187.966,321.897,2.517,4.146,STOPPED,,EVT:READY,,,,,,EVT:READY
6.698,146,1,1,1,-0.268,-28.775,-0.08992,179.209,291.225,187.983,321.869,2.517,4.181,STOPPED,,EVT:READY,,,,,,EVT:READY
6.731,147,1,1,1,-0.268,-28.747,-0.08983,179.212,291.253,187.963,321.911,2.517,4.214,STOPPED,,EVT:READY,,,,,,EVT:READY
6.763,148,1,1,1,-0.268,-28.754,-0.08986,179.209,291.246,187.953,321.859,2.517,4.246,STOPPED,,EVT:READY,,,,,,EVT:READY
6.795,149,1,1,1,-0.268,-28.759,-0.08987,179.209,291.241,187.976,321.848,2.517,4.278,STOPPED,,EVT:READY,,,,,,EVT:READY
6.831,150,1,1,1,-0.268,-28.759,-0.08987,179.200,291.241,187.984,321.851,2.517,4.314,STOPPED,,EVT:READY,,,,,,EVT:READY
6.863,151,1,1,1,-0.268,-28.737,-0.08980,179.199,291.263,187.958,321.872,2.517,4.346,STOPPED,,EVT:READY,,,,,,EVT:READY
6.899,152,1,1,1,-0.268,-28.748,-0.08984,179.198,291.252,188.001,321.873,2.517,4.382,STOPPED,,EVT:READY,,,,,,EVT:READY
6.931,153,1,1,1,-0.268,-28.769,-0.08990,179.205,291.231,187.988,321.873,2.517,4.414,STOPPED,,EVT:READY,,,,,,EVT:READY
6.963,154,1,1,1,-0.268,-28.784,-0.08995,179.204,291.216,187.951,321.886,2.517,4.446,STOPPED,,EVT:READY,,,,,,EVT:READY
6.999,155,1,1,1,-0.268,-28.773,-0.08992,179.208,291.227,187.983,321.892,2.517,4.482,STOPPED,,EVT:READY,,,,,,EVT:READY
7.031,156,1,1,1,-0.268,-28.779,-0.08993,179.203,291.221,187.972,321.894,2.517,4.514,STOPPED,,EVT:READY,,,,,,EVT:READY
7.063,157,1,1,1,-0.268,-28.764,-0.08989,179.208,291.236,187.928,321.894,2.517,4.546,STOPPED,,EVT:READY,,,,,,EVT:READY
7.099,158,1,1,1,-0.268,-28.752,-0.08985,179.200,291.248,187.979,321.876,2.517,4.582,STOPPED,,EVT:READY,,,,,,EVT:READY
7.134,159,1,1,1,-0.268,-28.786,-0.08996,179.205,291.214,187.981,321.881,2.517,4.617,STOPPED,,EVT:READY,,,,,,EVT:READY
7.167,160,1,1,1,-0.268,-28.766,-0.08989,179.211,291.234,187.965,321.892,2.517,4.650,STOPPED,,EVT:READY,,,,,,EVT:READY
7.199,161,1,1,1,-0.268,-28.760,-0.08987,179.202,291.240,188.000,321.916,2.517,4.682,STOPPED,,EVT:READY,,,,,,EVT:READY
7.231,162,1,1,1,-0.268,-28.766,-0.08989,179.207,291.234,187.978,321.866,2.517,4.714,STOPPED,,EVT:READY,,,,,,EVT:READY
7.267,163,1,1,1,-0.268,-28.768,-0.08990,179.213,291.232,187.970,321.869,2.517,4.750,STOPPED,,EVT:READY,,,,,,EVT:READY
7.299,164,1,1,1,-0.268,-28.784,-0.08995,179.208,291.216,187.981,321.870,2.517,4.782,STOPPED,,EVT:READY,,,,,,EVT:READY
7.335,165,1,1,1,-0.268,-28.770,-0.08991,179.206,291.230,187.981,321.876,2.517,4.818,STOPPED,,EVT:READY,,,,,,EVT:READY
7.367,166,1,1,1,-0.268,-28.776,-0.08992,179.202,291.224,187.952,321.856,2.517,4.850,STOPPED,,EVT:READY,,,,,,EVT:READY
7.399,167,1,1,1,-0.268,-28.782,-0.08994,179.211,291.218,187.955,321.899,2.517,4.882,STOPPED,,EVT:READY,,,,,,EVT:READY
7.435,168,1,1,1,-0.268,-28.783,-0.08995,179.206,291.217,187.960,321.889,2.517,4.918,STOPPED,,EVT:READY,,,,,,EVT:READY
7.467,169,1,1,1,-0.268,-28.775,-0.08992,179.207,291.225,187.954,321.863,2.517,4.950,STOPPED,,EVT:READY,,,,,,EVT:READY
7.503,170,1,1,1,-0.268,-28.773,-0.08992,179.208,291.227,187.951,321.871,2.517,4.986,STOPPED,,EVT:READY,,,,,,EVT:READY
7.538,171,1,1,1,-0.268,-28.775,-0.08992,179.210,291.225,187.980,321.908,2.517,5.021,STOPPED,,EVT:READY,,,,,,EVT:READY
7.567,172,1,1,1,-0.268,-28.775,-0.08992,179.212,291.225,187.976,321.861,2.517,5.050,STOPPED,,EVT:READY,,,,,,EVT:READY
7.603,173,1,1,1,-0.268,-28.777,-0.08993,179.207,291.223,187.972,321.891,2.517,5.086,STOPPED,,EVT:READY,,,,,,EVT:READY
7.635,174,1,1,1,-0.268,-28.761,-0.08988,179.210,291.239,187.965,321.892,7.619,0.017,MOVING,FORWARD,ACK:FORWARD,,,,,,ACK:FORWARD
7.671,175,1,1,1,-0.268,-28.775,-0.08992,179.212,291.225,188.558,321.920,7.619,0.053,MOVING,FORWARD,ACK:FORWARD,,,,,,ACK:FORWARD
7.703,176,1,1,1,-0.269,-28.843,-0.09014,179.266,291.157,191.008,321.917,7.619,0.085,MOVING,FORWARD,ACK:FORWARD,,,,,,ACK:FORWARD
7.736,177,1,1,1,-0.268,-28.725,-0.08977,179.266,291.275,192.183,321.889,7.619,0.117,MOVING,FORWARD,ACK:FORWARD,,,,,,ACK:FORWARD
7.771,178,1,1,1,-0.269,-28.824,-0.09008,179.317,291.176,192.548,321.898,7.619,0.153,MOVING,FORWARD,ACK:FORWARD,,,,,,ACK:FORWARD
7.803,179,1,1,1,-0.269,-28.904,-0.09032,179.368,291.096,200.271,321.781,7.619,0.185,MOVING,FORWARD,ACK:FORWARD,,,,,,ACK:FORWARD
7.839,180,1,1,1,-0.273,-29.251,-0.09141,179.542,290.749,215.742,321.860,7.821,0.018,MOVING,FORWARD,ACK:FORWARD,0.170,0.000,0.000,6.520,6.520,"TEL:H=0.17,E=0.00,C=0.00,L=6.52,R=6.52"
7.871,181,1,1,1,-0.273,-29.250,-0.09141,179.559,290.750,232.387,321.837,7.821,0.050,MOVING,FORWARD,ACK:FORWARD,0.170,0.000,0.000,6.520,6.520,"TEL:H=0.17,E=0.00,C=0.00,L=6.52,R=6.52"
7.903,182,1,1,1,-0.275,-29.481,-0.09213,179.525,290.519,247.202,321.712,7.821,0.082,MOVING,FORWARD,ACK:FORWARD,0.170,0.000,0.000,6.520,6.520,"TEL:H=0.17,E=0.00,C=0.00,L=6.52,R=6.52"
7.939,183,1,1,1,-0.282,-30.284,-0.09464,179.666,289.716,264.691,321.944,7.821,0.118,MOVING,FORWARD,ACK:FORWARD,0.170,0.000,0.000,6.520,6.520,"TEL:H=0.17,E=0.00,C=0.00,L=6.52,R=6.52"
7.974,184,1,1,1,-0.284,-30.516,-0.09536,179.792,289.484,287.487,321.919,7.821,0.153,MOVING,FORWARD,ACK:FORWARD,0.170,0.000,0.000,6.520,6.520,"TEL:H=0.17,E=0.00,C=0.00,L=6.52,R=6.52"
8.003,185,0,0,,,,,,,,,7.821,0.182,MOVING,FORWARD,ACK:FORWARD,0.170,0.000,0.000,6.520,6.520,"TEL:H=0.17,E=0.00,C=0.00,L=6.52,R=6.52"
8.039,186,0,0,,,,,,,,,8.023,0.016,MOVING,FORWARD,ACK:FORWARD,0.200,0.000,0.000,11.550,11.550,"TEL:H=0.20,E=0.00,C=0.00,L=11.55,R=11.55"
8.072,187,0,0,,,,,,,,,8.023,0.049,MOVING,FORWARD,ACK:FORWARD,0.200,0.000,0.000,11.550,11.550,"TEL:H=0.20,E=0.00,C=0.00,L=11.55,R=11.55"
8.107,188,0,0,,,,,,,,,8.023,0.084,MOVING,FORWARD,ACK:FORWARD,0.200,0.000,0.000,11.550,11.550,"TEL:H=0.20,E=0.00,C=0.00,L=11.55,R=11.55"
8.139,189,0,0,,,,,,,,,8.023,0.116,MOVING,FORWARD,ACK:FORWARD,0.200,0.000,0.000,11.550,11.550,"TEL:H=0.20,E=0.00,C=0.00,L=11.55,R=11.55"
8.171,190,0,0,,,,,,,,,8.023,0.148,MOVING,FORWARD,ACK:FORWARD,0.200,0.000,0.000,11.550,11.550,"TEL:H=0.20,E=0.00,C=0.00,L=11.55,R=11.55"
8.207,191,0,0,,,,,,,,,8.023,0.184,MOVING,FORWARD,ACK:FORWARD,0.200,0.000,0.000,11.550,11.550,"TEL:H=0.20,E=0.00,C=0.00,L=11.55,R=11.55"
8.239,192,0,0,,,,,,,,,8.225,0.014,MOVING,FORWARD,ACK:FORWARD,0.190,0.000,0.000,16.560,16.560,"TEL:H=0.19,E=0.00,C=0.00,L=16.56,R=16.56"
8.275,193,0,0,,,,,,,,,8.225,0.050,MOVING,FORWARD,ACK:FORWARD,0.190,0.000,0.000,16.560,16.560,"TEL:H=0.19,E=0.00,C=0.00,L=16.56,R=16.56"
8.307,194,0,0,,,,,,,,,8.225,0.082,MOVING,FORWARD,ACK:FORWARD,0.190,0.000,0.000,16.560,16.560,"TEL:H=0.19,E=0.00,C=0.00,L=16.56,R=16.56"
8.339,195,0,0,,,,,,,,,8.225,0.114,MOVING,FORWARD,ACK:FORWARD,0.190,0.000,0.000,16.560,16.560,"TEL:H=0.19,E=0.00,C=0.00,L=16.56,R=16.56"
8.375,196,0,0,,,,,,,,,8.225,0.150,MOVING,FORWARD,ACK:FORWARD,0.190,0.000,0.000,16.560,16.560,"TEL:H=0.19,E=0.00,C=0.00,L=16.56,R=16.56"
8.407,197,0,0,,,,,,,,,8.225,0.182,MOVING,FORWARD,ACK:FORWARD,0.190,0.000,0.000,16.560,16.560,"TEL:H=0.19,E=0.00,C=0.00,L=16.56,R=16.56"
8.443,198,0,0,,,,,,,,,8.426,0.017,MOVING,FORWARD,ACK:FORWARD,0.190,0.000,0.000,21.560,21.560,"TEL:H=0.19,E=0.00,C=0.00,L=21.56,R=21.56"
8.475,199,0,0,,,,,,,,,8.426,0.049,MOVING,FORWARD,ACK:FORWARD,0.190,0.000,0.000,21.560,21.560,"TEL:H=0.19,E=0.00,C=0.00,L=21.56,R=21.56"
8.507,200,0,0,,,,,,,,,8.426,0.081,MOVING,FORWARD,ACK:FORWARD,0.190,0.000,0.000,21.560,21.560,"TEL:H=0.19,E=0.00,C=0.00,L=21.56,R=21.56"
8.543,201,0,0,,,,,,,,,8.426,0.117,MOVING,FORWARD,ACK:FORWARD,0.190,0.000,0.000,21.560,21.560,"TEL:H=0.19,E=0.00,C=0.00,L=21.56,R=21.56"
8.575,202,0,0,,,,,,,,,8.426,0.149,MOVING,FORWARD,ACK:FORWARD,0.190,0.000,0.000,21.560,21.560,"TEL:H=0.19,E=0.00,C=0.00,L=21.56,R=21.56"
8.611,203,0,0,,,,,,,,,8.426,0.185,MOVING,FORWARD,ACK:FORWARD,0.190,0.000,0.000,21.560,21.560,"TEL:H=0.19,E=0.00,C=0.00,L=21.56,R=21.56"
8.643,204,0,0,,,,,,,,,8.628,0.015,MOVING,FORWARD,ACK:FORWARD,0.270,0.000,0.000,25.000,25.000,"TEL:H=0.27,E=0.00,C=0.00,L=25.00,R=25.00"
8.675,205,0,0,,,,,,,,,8.628,0.047,MOVING,FORWARD,ACK:FORWARD,0.270,0.000,0.000,25.000,25.000,"TEL:H=0.27,E=0.00,C=0.00,L=25.00,R=25.00"
8.711,206,0,0,,,,,,,,,8.628,0.083,MOVING,FORWARD,ACK:FORWARD,0.270,0.000,0.000,25.000,25.000,"TEL:H=0.27,E=0.00,C=0.00,L=25.00,R=25.00"
8.743,207,0,0,,,,,,,,,8.628,0.115,MOVING,FORWARD,ACK:FORWARD,0.270,0.000,0.000,25.000,25.000,"TEL:H=0.27,E=0.00,C=0.00,L=25.00,R=25.00"
8.778,208,0,0,,,,,,,,,8.628,0.150,MOVING,FORWARD,ACK:FORWARD,0.270,0.000,0.000,25.000,25.000,"TEL:H=0.27,E=0.00,C=0.00,L=25.00,R=25.00"
8.811,209,0,0,,,,,,,,,8.628,0.183,MOVING,FORWARD,ACK:FORWARD,0.270,0.000,0.000,25.000,25.000,"TEL:H=0.27,E=0.00,C=0.00,L=25.00,R=25.00"
8.843,210,0,0,,,,,,,,,8.830,0.013,MOVING,FORWARD,ACK:FORWARD,0.260,0.000,0.000,25.000,25.000,"TEL:H=0.26,E=0.00,C=0.00,L=25.00,R=25.00"
8.879,211,0,0,,,,,,,,,8.830,0.049,MOVING,FORWARD,ACK:FORWARD,0.260,0.000,0.000,25.000,25.000,"TEL:H=0.26,E=0.00,C=0.00,L=25.00,R=25.00"
8.911,212,0,0,,,,,,,,,8.830,0.081,MOVING,FORWARD,ACK:FORWARD,0.260,0.000,0.000,25.000,25.000,"TEL:H=0.26,E=0.00,C=0.00,L=25.00,R=25.00"
8.943,213,0,0,,,,,,,,,8.830,0.113,MOVING,FORWARD,ACK:FORWARD,0.260,0.000,0.000,25.000,25.000,"TEL:H=0.26,E=0.00,C=0.00,L=25.00,R=25.00"
8.979,214,0,0,,,,,,,,,8.830,0.149,MOVING,FORWARD,ACK:FORWARD,0.260,0.000,0.000,25.000,25.000,"TEL:H=0.26,E=0.00,C=0.00,L=25.00,R=25.00"
9.011,215,0,0,,,,,,,,,8.830,0.181,MOVING,FORWARD,ACK:FORWARD,0.260,0.000,0.000,25.000,25.000,"TEL:H=0.26,E=0.00,C=0.00,L=25.00,R=25.00"
9.047,216,0,0,,,,,,,,,9.031,0.016,MOVING,FORWARD,ACK:FORWARD,0.360,0.000,0.000,25.000,25.000,"TEL:H=0.36,E=0.00,C=0.00,L=25.00,R=25.00"
9.079,217,0,0,,,,,,,,,9.031,0.048,MOVING,FORWARD,ACK:FORWARD,0.360,0.000,0.000,25.000,25.000,"TEL:H=0.36,E=0.00,C=0.00,L=25.00,R=25.00"
9.111,218,0,0,,,,,,,,,9.031,0.080,MOVING,FORWARD,ACK:FORWARD,0.360,0.000,0.000,25.000,25.000,"TEL:H=0.36,E=0.00,C=0.00,L=25.00,R=25.00"
9.147,219,0,0,,,,,,,,,9.031,0.116,MOVING,FORWARD,ACK:FORWARD,0.360,0.000,0.000,25.000,25.000,"TEL:H=0.36,E=0.00,C=0.00,L=25.00,R=25.00"
9.179,220,0,0,,,,,,,,,9.031,0.148,MOVING,FORWARD,ACK:FORWARD,0.360,0.000,0.000,25.000,25.000,"TEL:H=0.36,E=0.00,C=0.00,L=25.00,R=25.00"
9.215,221,0,0,,,,,,,,,9.031,0.184,MOVING,FORWARD,ACK:FORWARD,0.360,0.000,0.000,25.000,25.000,"TEL:H=0.36,E=0.00,C=0.00,L=25.00,R=25.00"
9.247,222,0,0,,,,,,,,,9.232,0.015,MOVING,FORWARD,ACK:FORWARD,0.440,0.000,0.000,25.000,25.000,"TEL:H=0.44,E=0.00,C=0.00,L=25.00,R=25.00"
9.279,223,0,0,,,,,,,,,9.232,0.047,MOVING,FORWARD,ACK:FORWARD,0.440,0.000,0.000,25.000,25.000,"TEL:H=0.44,E=0.00,C=0.00,L=25.00,R=25.00"
9.315,224,0,0,,,,,,,,,9.232,0.083,MOVING,FORWARD,ACK:FORWARD,0.440,0.000,0.000,25.000,25.000,"TEL:H=0.44,E=0.00,C=0.00,L=25.00,R=25.00"
9.347,225,0,0,,,,,,,,,9.232,0.115,MOVING,FORWARD,ACK:FORWARD,0.440,0.000,0.000,25.000,25.000,"TEL:H=0.44,E=0.00,C=0.00,L=25.00,R=25.00"
9.383,226,0,0,,,,,,,,,9.232,0.151,MOVING,FORWARD,ACK:FORWARD,0.440,0.000,0.000,25.000,25.000,"TEL:H=0.44,E=0.00,C=0.00,L=25.00,R=25.00"
9.415,227,0,0,,,,,,,,,9.232,0.183,MOVING,FORWARD,ACK:FORWARD,0.440,0.000,0.000,25.000,25.000,"TEL:H=0.44,E=0.00,C=0.00,L=25.00,R=25.00"
9.447,228,0,0,,,,,,,,,9.434,0.013,MOVING,FORWARD,ACK:FORWARD,0.520,0.510,-0.510,25.510,24.490,"TEL:H=0.52,E=0.51,C=-0.51,L=25.51,R=24.49"
9.483,229,0,0,,,,,,,,,9.434,0.049,MOVING,FORWARD,ACK:FORWARD,0.520,0.510,-0.510,25.510,24.490,"TEL:H=0.52,E=0.51,C=-0.51,L=25.51,R=24.49"
9.518,230,0,0,,,,,,,,,9.434,0.084,MOVING,FORWARD,ACK:FORWARD,0.520,0.510,-0.510,25.510,24.490,"TEL:H=0.52,E=0.51,C=-0.51,L=25.51,R=24.49"
9.551,231,0,0,,,,,,,,,9.434,0.117,MOVING,FORWARD,ACK:FORWARD,0.520,0.510,-0.510,25.510,24.490,"TEL:H=0.52,E=0.51,C=-0.51,L=25.51,R=24.49"
9.584,232,0,0,,,,,,,,,9.434,0.150,MOVING,FORWARD,ACK:FORWARD,0.520,0.510,-0.510,25.510,24.490,"TEL:H=0.52,E=0.51,C=-0.51,L=25.51,R=24.49"
9.615,233,0,0,,,,,,,,,9.434,0.181,MOVING,FORWARD,ACK:FORWARD,0.520,0.510,-0.510,25.510,24.490,"TEL:H=0.52,E=0.51,C=-0.51,L=25.51,R=24.49"
9.651,234,0,0,,,,,,,,,9.636,0.015,MOVING,FORWARD,ACK:FORWARD,0.620,0.640,-0.640,25.640,24.360,"TEL:H=0.62,E=0.64,C=-0.64,L=25.64,R=24.36"
9.683,235,0,0,,,,,,,,,9.636,0.047,MOVING,FORWARD,ACK:FORWARD,0.620,0.640,-0.640,25.640,24.360,"TEL:H=0.62,E=0.64,C=-0.64,L=25.64,R=24.36"
9.715,236,0,0,,,,,,,,,9.636,0.079,MOVING,FORWARD,ACK:FORWARD,0.620,0.640,-0.640,25.640,24.360,"TEL:H=0.62,E=0.64,C=-0.64,L=25.64,R=24.36"
9.751,237,0,0,,,,,,,,,9.636,0.115,MOVING,FORWARD,ACK:FORWARD,0.620,0.640,-0.640,25.640,24.360,"TEL:H=0.62,E=0.64,C=-0.64,L=25.64,R=24.36"
9.783,238,0,0,,,,,,,,,9.636,0.147,MOVING,FORWARD,ACK:FORWARD,0.620,0.640,-0.640,25.640,24.360,"TEL:H=0.62,E=0.64,C=-0.64,L=25.64,R=24.36"
9.819,239,0,0,,,,,,,,,9.636,0.183,MOVING,FORWARD,ACK:FORWARD,0.620,0.640,-0.640,25.640,24.360,"TEL:H=0.62,E=0.64,C=-0.64,L=25.64,R=24.36"
9.851,240,0,0,,,,,,,,,9.837,0.014,MOVING,FORWARD,ACK:FORWARD,0.600,0.590,-0.590,25.590,24.410,"TEL:H=0.60,E=0.59,C=-0.59,L=25.59,R=24.41"
9.883,241,0,0,,,,,,,,,9.837,0.046,MOVING,FORWARD,ACK:FORWARD,0.600,0.590,-0.590,25.590,24.410,"TEL:H=0.60,E=0.59,C=-0.59,L=25.59,R=24.41"
9.919,242,0,0,,,,,,,,,9.837,0.082,MOVING,FORWARD,ACK:FORWARD,0.600,0.590,-0.590,25.590,24.410,"TEL:H=0.60,E=0.59,C=-0.59,L=25.59,R=24.41"
9.952,243,0,0,,,,,,,,,9.837,0.114,MOVING,FORWARD,ACK:FORWARD,0.600,0.590,-0.590,25.590,24.410,"TEL:H=0.60,E=0.59,C=-0.59,L=25.59,R=24.41"
9.987,244,0,0,,,,,,,,,9.837,0.150,MOVING,FORWARD,ACK:FORWARD,0.600,0.590,-0.590,25.590,24.410,"TEL:H=0.60,E=0.59,C=-0.59,L=25.59,R=24.41"
10.019,245,0,0,,,,,,,,,9.837,0.182,MOVING,FORWARD,ACK:FORWARD,0.600,0.590,-0.590,25.590,24.410,"TEL:H=0.60,E=0.59,C=-0.59,L=25.59,R=24.41"
10.051,246,0,0,,,,,,,,,10.038,0.013,MOVING,FORWARD,ACK:FORWARD,0.620,0.630,-0.630,25.630,24.370,"TEL:H=0.62,E=0.63,C=-0.63,L=25.63,R=24.37"
10.087,247,0,0,,,,,,,,,10.038,0.049,MOVING,FORWARD,ACK:FORWARD,0.620,0.630,-0.630,25.630,24.370,"TEL:H=0.62,E=0.63,C=-0.63,L=25.63,R=24.37"
10.119,248,0,0,,,,,,,,,10.038,0.081,MOVING,FORWARD,ACK:FORWARD,0.620,0.630,-0.630,25.630,24.370,"TEL:H=0.62,E=0.63,C=-0.63,L=25.63,R=24.37"
10.155,249,0,0,,,,,,,,,10.038,0.117,MOVING,FORWARD,ACK:FORWARD,0.620,0.630,-0.630,25.630,24.370,"TEL:H=0.62,E=0.63,C=-0.63,L=25.63,R=24.37"
10.187,250,0,0,,,,,,,,,10.038,0.149,MOVING,FORWARD,ACK:FORWARD,0.620,0.630,-0.630,25.630,24.370,"TEL:H=0.62,E=0.63,C=-0.63,L=25.63,R=24.37"
10.219,251,0,0,,,,,,,,,10.038,0.181,MOVING,FORWARD,ACK:FORWARD,0.620,0.630,-0.630,25.630,24.370,"TEL:H=0.62,E=0.63,C=-0.63,L=25.63,R=24.37"
10.255,252,0,0,,,,,,,,,10.240,0.015,MOVING,FORWARD,ACK:FORWARD,0.410,0.000,0.000,25.000,25.000,"TEL:H=0.41,E=0.00,C=0.00,L=25.00,R=25.00"
10.287,253,0,0,,,,,,,,,10.240,0.047,MOVING,FORWARD,ACK:FORWARD,0.410,0.000,0.000,25.000,25.000,"TEL:H=0.41,E=0.00,C=0.00,L=25.00,R=25.00"
10.323,254,0,0,,,,,,,,,10.240,0.083,MOVING,FORWARD,ACK:FORWARD,0.410,0.000,0.000,25.000,25.000,"TEL:H=0.41,E=0.00,C=0.00,L=25.00,R=25.00"
10.355,255,0,0,,,,,,,,,10.240,0.115,MOVING,FORWARD,ACK:FORWARD,0.410,0.000,0.000,25.000,25.000,"TEL:H=0.41,E=0.00,C=0.00,L=25.00,R=25.00"
10.387,256,0,0,,,,,,,,,10.240,0.147,MOVING,FORWARD,ACK:FORWARD,0.410,0.000,0.000,25.000,25.000,"TEL:H=0.41,E=0.00,C=0.00,L=25.00,R=25.00"
10.423,257,0,0,,,,,,,,,10.240,0.183,MOVING,FORWARD,ACK:FORWARD,0.410,0.000,0.000,25.000,25.000,"TEL:H=0.41,E=0.00,C=0.00,L=25.00,R=25.00"
10.455,258,0,0,,,,,,,,,10.443,0.012,MOVING,FORWARD,ACK:FORWARD,0.420,0.000,0.000,25.000,25.000,"TEL:H=0.42,E=0.00,C=0.00,L=25.00,R=25.00"
10.491,259,0,0,,,,,,,,,10.443,0.048,MOVING,FORWARD,ACK:FORWARD,0.420,0.000,0.000,25.000,25.000,"TEL:H=0.42,E=0.00,C=0.00,L=25.00,R=25.00"
10.523,260,0,0,,,,,,,,,10.443,0.080,MOVING,FORWARD,ACK:FORWARD,0.420,0.000,0.000,25.000,25.000,"TEL:H=0.42,E=0.00,C=0.00,L=25.00,R=25.00"
10.556,261,0,0,,,,,,,,,10.443,0.113,MOVING,FORWARD,ACK:FORWARD,0.420,0.000,0.000,25.000,25.000,"TEL:H=0.42,E=0.00,C=0.00,L=25.00,R=25.00"
10.591,262,0,0,,,,,,,,,10.443,0.148,MOVING,FORWARD,ACK:FORWARD,0.420,0.000,0.000,25.000,25.000,"TEL:H=0.42,E=0.00,C=0.00,L=25.00,R=25.00"
10.623,263,0,0,,,,,,,,,10.443,0.180,MOVING,FORWARD,ACK:FORWARD,0.420,0.000,0.000,25.000,25.000,"TEL:H=0.42,E=0.00,C=0.00,L=25.00,R=25.00"
10.655,264,0,0,,,,,,,,,10.643,0.012,MOVING,FORWARD,ACK:FORWARD,0.480,0.000,0.000,25.000,25.000,"TEL:H=0.48,E=0.00,C=0.00,L=25.00,R=25.00"
10.691,265,0,0,,,,,,,,,10.643,0.048,MOVING,FORWARD,ACK:FORWARD,0.480,0.000,0.000,25.000,25.000,"TEL:H=0.48,E=0.00,C=0.00,L=25.00,R=25.00"
10.723,266,0,0,,,,,,,,,10.643,0.080,MOVING,FORWARD,ACK:FORWARD,0.480,0.000,0.000,25.000,25.000,"TEL:H=0.48,E=0.00,C=0.00,L=25.00,R=25.00"
10.759,267,0,0,,,,,,,,,10.643,0.116,MOVING,FORWARD,ACK:FORWARD,0.480,0.000,0.000,25.000,25.000,"TEL:H=0.48,E=0.00,C=0.00,L=25.00,R=25.00"
10.791,268,0,0,,,,,,,,,10.643,0.148,MOVING,FORWARD,ACK:FORWARD,0.480,0.000,0.000,25.000,25.000,"TEL:H=0.48,E=0.00,C=0.00,L=25.00,R=25.00"
10.823,269,0,0,,,,,,,,,10.643,0.180,MOVING,FORWARD,ACK:FORWARD,0.480,0.000,0.000,25.000,25.000,"TEL:H=0.48,E=0.00,C=0.00,L=25.00,R=25.00"
10.859,270,0,0,,,,,,,,,10.845,0.014,MOVING,FORWARD,ACK:FORWARD,0.270,0.000,0.000,25.000,25.000,"TEL:H=0.27,E=0.00,C=0.00,L=25.00,R=25.00"
10.891,271,0,0,,,,,,,,,10.845,0.046,MOVING,FORWARD,ACK:FORWARD,0.270,0.000,0.000,25.000,25.000,"TEL:H=0.27,E=0.00,C=0.00,L=25.00,R=25.00"
10.927,272,0,0,,,,,,,,,10.845,0.082,MOVING,FORWARD,ACK:FORWARD,0.270,0.000,0.000,25.000,25.000,"TEL:H=0.27,E=0.00,C=0.00,L=25.00,R=25.00"
10.959,273,0,0,,,,,,,,,10.845,0.114,MOVING,FORWARD,ACK:FORWARD,0.270,0.000,0.000,25.000,25.000,"TEL:H=0.27,E=0.00,C=0.00,L=25.00,R=25.00"
10.991,274,0,0,,,,,,,,,10.845,0.146,MOVING,FORWARD,ACK:FORWARD,0.270,0.000,0.000,25.000,25.000,"TEL:H=0.27,E=0.00,C=0.00,L=25.00,R=25.00"
11.027,275,0,0,,,,,,,,,10.845,0.182,MOVING,FORWARD,ACK:FORWARD,0.270,0.000,0.000,25.000,25.000,"TEL:H=0.27,E=0.00,C=0.00,L=25.00,R=25.00"
11.059,276,0,0,,,,,,,,,11.047,0.013,MOVING,FORWARD,ACK:FORWARD,0.250,0.000,0.000,25.000,25.000,"TEL:H=0.25,E=0.00,C=0.00,L=25.00,R=25.00"
11.095,277,0,0,,,,,,,,,11.047,0.049,MOVING,FORWARD,ACK:FORWARD,0.250,0.000,0.000,25.000,25.000,"TEL:H=0.25,E=0.00,C=0.00,L=25.00,R=25.00"
11.129,278,0,0,,,,,,,,,11.047,0.082,MOVING,FORWARD,ACK:FORWARD,0.250,0.000,0.000,25.000,25.000,"TEL:H=0.25,E=0.00,C=0.00,L=25.00,R=25.00"
11.159,279,0,0,,,,,,,,,11.047,0.113,MOVING,FORWARD,ACK:FORWARD,0.250,0.000,0.000,25.000,25.000,"TEL:H=0.25,E=0.00,C=0.00,L=25.00,R=25.00"
11.195,280,0,0,,,,,,,,,11.047,0.149,MOVING,FORWARD,ACK:FORWARD,0.250,0.000,0.000,25.000,25.000,"TEL:H=0.25,E=0.00,C=0.00,L=25.00,R=25.00"
11.227,281,0,0,,,,,,,,,11.047,0.181,MOVING,FORWARD,ACK:FORWARD,0.250,0.000,0.000,25.000,25.000,"TEL:H=0.25,E=0.00,C=0.00,L=25.00,R=25.00"
11.263,282,0,0,,,,,,,,,11.248,0.016,MOVING,FORWARD,ACK:FORWARD,0.260,0.000,0.000,25.000,25.000,"TEL:H=0.26,E=0.00,C=0.00,L=25.00,R=25.00"
11.295,283,0,0,,,,,,,,,11.248,0.048,MOVING,FORWARD,ACK:FORWARD,0.260,0.000,0.000,25.000,25.000,"TEL:H=0.26,E=0.00,C=0.00,L=25.00,R=25.00"
11.327,284,0,0,,,,,,,,,11.248,0.080,MOVING,FORWARD,ACK:FORWARD,0.260,0.000,0.000,25.000,25.000,"TEL:H=0.26,E=0.00,C=0.00,L=25.00,R=25.00"
11.363,285,0,0,,,,,,,,,11.248,0.115,MOVING,FORWARD,ACK:FORWARD,0.260,0.000,0.000,25.000,25.000,"TEL:H=0.26,E=0.00,C=0.00,L=25.00,R=25.00"
11.397,286,0,0,,,,,,,,,11.248,0.150,MOVING,FORWARD,ACK:FORWARD,0.260,0.000,0.000,25.000,25.000,"TEL:H=0.26,E=0.00,C=0.00,L=25.00,R=25.00"
11.427,287,0,0,,,,,,,,,11.248,0.179,MOVING,FORWARD,ACK:FORWARD,0.260,0.000,0.000,25.000,25.000,"TEL:H=0.26,E=0.00,C=0.00,L=25.00,R=25.00"
11.463,288,0,0,,,,,,,,,11.451,0.012,MOVING,FORWARD,ACK:FORWARD,0.390,0.000,0.000,25.000,25.000,"TEL:H=0.39,E=0.00,C=0.00,L=25.00,R=25.00"
11.495,289,0,0,,,,,,,,,11.451,0.044,MOVING,FORWARD,ACK:FORWARD,0.390,0.000,0.000,25.000,25.000,"TEL:H=0.39,E=0.00,C=0.00,L=25.00,R=25.00"
11.531,290,0,0,,,,,,,,,11.451,0.080,MOVING,FORWARD,ACK:FORWARD,0.390,0.000,0.000,25.000,25.000,"TEL:H=0.39,E=0.00,C=0.00,L=25.00,R=25.00"
11.563,291,0,0,,,,,,,,,11.451,0.112,MOVING,FORWARD,ACK:FORWARD,0.390,0.000,0.000,25.000,25.000,"TEL:H=0.39,E=0.00,C=0.00,L=25.00,R=25.00"
11.595,292,0,0,,,,,,,,,11.451,0.144,MOVING,FORWARD,ACK:FORWARD,0.390,0.000,0.000,25.000,25.000,"TEL:H=0.39,E=0.00,C=0.00,L=25.00,R=25.00"
11.631,293,0,0,,,,,,,,,11.451,0.180,MOVING,FORWARD,ACK:FORWARD,0.390,0.000,0.000,25.000,25.000,"TEL:H=0.39,E=0.00,C=0.00,L=25.00,R=25.00"
11.663,294,0,0,,,,,,,,,11.651,0.012,MOVING,FORWARD,ACK:FORWARD,0.360,0.000,0.000,25.000,25.000,"TEL:H=0.36,E=0.00,C=0.00,L=25.00,R=25.00"
11.700,295,0,0,,,,,,,,,11.651,0.048,MOVING,FORWARD,ACK:FORWARD,0.360,0.000,0.000,25.000,25.000,"TEL:H=0.36,E=0.00,C=0.00,L=25.00,R=25.00"
11.731,296,0,0,,,,,,,,,11.651,0.080,MOVING,FORWARD,ACK:FORWARD,0.360,0.000,0.000,25.000,25.000,"TEL:H=0.36,E=0.00,C=0.00,L=25.00,R=25.00"
11.764,297,0,0,,,,,,,,,11.651,0.112,MOVING,FORWARD,ACK:FORWARD,0.360,0.000,0.000,25.000,25.000,"TEL:H=0.36,E=0.00,C=0.00,L=25.00,R=25.00"
11.799,298,0,0,,,,,,,,,11.651,0.148,MOVING,FORWARD,ACK:FORWARD,0.360,0.000,0.000,25.000,25.000,"TEL:H=0.36,E=0.00,C=0.00,L=25.00,R=25.00"
11.831,299,0,0,,,,,,,,,11.651,0.180,MOVING,FORWARD,ACK:FORWARD,0.360,0.000,0.000,25.000,25.000,"TEL:H=0.36,E=0.00,C=0.00,L=25.00,R=25.00"
11.867,300,0,0,,,,,,,,,11.853,0.015,MOVING,FORWARD,ACK:FORWARD,0.410,0.000,0.000,25.000,25.000,"TEL:H=0.41,E=0.00,C=0.00,L=25.00,R=25.00"
11.900,301,1,1,2,-0.751,-79.991,-0.24997,-179.121,240.009,206.387,319.650,11.853,0.047,MOVING,FORWARD,ACK:FORWARD,0.410,0.000,0.000,25.000,25.000,"TEL:H=0.41,E=0.00,C=0.00,L=25.00,R=25.00"
11.931,302,1,1,2,-0.757,-80.865,-0.25270,-179.079,239.135,261.418,320.308,11.853,0.079,MOVING,FORWARD,ACK:FORWARD,0.410,0.000,0.000,25.000,25.000,"TEL:H=0.41,E=0.00,C=0.00,L=25.00,R=25.00"
11.967,303,0,0,,,,,,,,,11.853,0.115,MOVING,FORWARD,ACK:FORWARD,0.410,0.000,0.000,25.000,25.000,"TEL:H=0.41,E=0.00,C=0.00,L=25.00,R=25.00"
12.002,304,0,0,,,,,,,,,11.853,0.149,MOVING,FORWARD,ACK:FORWARD,0.410,0.000,0.000,25.000,25.000,"TEL:H=0.41,E=0.00,C=0.00,L=25.00,R=25.00"
12.035,305,0,0,,,,,,,,,11.853,0.183,MOVING,FORWARD,ACK:FORWARD,0.410,0.000,0.000,25.000,25.000,"TEL:H=0.41,E=0.00,C=0.00,L=25.00,R=25.00"
12.067,306,0,0,,,,,,,,,12.055,0.012,MOVING,FORWARD,ACK:FORWARD,0.420,0.000,0.000,25.000,25.000,"TEL:H=0.42,E=0.00,C=0.00,L=25.00,R=25.00"
12.099,307,0,0,,,,,,,,,12.055,0.045,MOVING,FORWARD,ACK:FORWARD,0.420,0.000,0.000,25.000,25.000,"TEL:H=0.42,E=0.00,C=0.00,L=25.00,R=25.00"
12.135,308,0,0,,,,,,,,,12.055,0.080,MOVING,FORWARD,ACK:FORWARD,0.420,0.000,0.000,25.000,25.000,"TEL:H=0.42,E=0.00,C=0.00,L=25.00,R=25.00"
12.167,309,0,0,,,,,,,,,12.055,0.113,MOVING,FORWARD,ACK:FORWARD,0.420,0.000,0.000,25.000,25.000,"TEL:H=0.42,E=0.00,C=0.00,L=25.00,R=25.00"
12.203,310,0,0,,,,,,,,,12.055,0.149,MOVING,FORWARD,ACK:FORWARD,0.420,0.000,0.000,25.000,25.000,"TEL:H=0.42,E=0.00,C=0.00,L=25.00,R=25.00"
12.235,311,0,0,,,,,,,,,12.055,0.181,MOVING,FORWARD,ACK:FORWARD,0.420,0.000,0.000,25.000,25.000,"TEL:H=0.42,E=0.00,C=0.00,L=25.00,R=25.00"
12.267,312,0,0,,,,,,,,,12.256,0.011,MOVING,FORWARD,ACK:FORWARD,0.410,0.000,0.000,25.000,25.000,"TEL:H=0.41,E=0.00,C=0.00,L=25.00,R=25.00"
12.303,313,0,0,,,,,,,,,12.256,0.047,MOVING,FORWARD,ACK:FORWARD,0.410,0.000,0.000,25.000,25.000,"TEL:H=0.41,E=0.00,C=0.00,L=25.00,R=25.00"
12.335,314,0,0,,,,,,,,,12.256,0.079,MOVING,FORWARD,ACK:FORWARD,0.410,0.000,0.000,25.000,25.000,"TEL:H=0.41,E=0.00,C=0.00,L=25.00,R=25.00"
12.367,315,0,0,,,,,,,,,12.256,0.111,MOVING,FORWARD,ACK:FORWARD,0.410,0.000,0.000,25.000,25.000,"TEL:H=0.41,E=0.00,C=0.00,L=25.00,R=25.00"
12.403,316,0,0,,,,,,,,,12.256,0.147,MOVING,FORWARD,ACK:FORWARD,0.410,0.000,0.000,25.000,25.000,"TEL:H=0.41,E=0.00,C=0.00,L=25.00,R=25.00"
12.436,317,0,0,,,,,,,,,12.256,0.179,MOVING,FORWARD,ACK:FORWARD,0.410,0.000,0.000,25.000,25.000,"TEL:H=0.41,E=0.00,C=0.00,L=25.00,R=25.00"
12.471,318,0,0,,,,,,,,,12.457,0.014,MOVING,FORWARD,ACK:FORWARD,0.360,0.000,0.000,25.000,25.000,"TEL:H=0.36,E=0.00,C=0.00,L=25.00,R=25.00"
12.505,319,0,0,,,,,,,,,12.457,0.047,MOVING,FORWARD,ACK:FORWARD,0.360,0.000,0.000,25.000,25.000,"TEL:H=0.36,E=0.00,C=0.00,L=25.00,R=25.00"
12.535,320,0,0,,,,,,,,,12.457,0.078,MOVING,FORWARD,ACK:FORWARD,0.360,0.000,0.000,25.000,25.000,"TEL:H=0.36,E=0.00,C=0.00,L=25.00,R=25.00"
12.571,321,0,0,,,,,,,,,12.457,0.114,MOVING,FORWARD,ACK:FORWARD,0.360,0.000,0.000,25.000,25.000,"TEL:H=0.36,E=0.00,C=0.00,L=25.00,R=25.00"
12.604,322,0,0,,,,,,,,,12.457,0.147,MOVING,FORWARD,ACK:FORWARD,0.360,0.000,0.000,25.000,25.000,"TEL:H=0.36,E=0.00,C=0.00,L=25.00,R=25.00"
12.639,323,0,0,,,,,,,,,12.457,0.182,MOVING,FORWARD,ACK:FORWARD,0.360,0.000,0.000,25.000,25.000,"TEL:H=0.36,E=0.00,C=0.00,L=25.00,R=25.00"
12.671,324,0,0,,,,,,,,,12.659,0.012,MOVING,FORWARD,ACK:FORWARD,0.410,0.000,0.000,25.000,25.000,"TEL:H=0.41,E=0.00,C=0.00,L=25.00,R=25.00"
12.703,325,0,0,,,,,,,,,12.659,0.044,MOVING,FORWARD,ACK:FORWARD,0.410,0.000,0.000,25.000,25.000,"TEL:H=0.41,E=0.00,C=0.00,L=25.00,R=25.00"
12.739,326,0,0,,,,,,,,,12.659,0.080,MOVING,FORWARD,ACK:FORWARD,0.410,0.000,0.000,25.000,25.000,"TEL:H=0.41,E=0.00,C=0.00,L=25.00,R=25.00"
12.771,327,0,0,,,,,,,,,12.659,0.112,MOVING,FORWARD,ACK:FORWARD,0.410,0.000,0.000,25.000,25.000,"TEL:H=0.41,E=0.00,C=0.00,L=25.00,R=25.00"
12.807,328,0,0,,,,,,,,,12.659,0.148,MOVING,FORWARD,ACK:FORWARD,0.410,0.000,0.000,25.000,25.000,"TEL:H=0.41,E=0.00,C=0.00,L=25.00,R=25.00"
12.842,329,0,0,,,,,,,,,12.659,0.183,MOVING,FORWARD,ACK:FORWARD,0.410,0.000,0.000,25.000,25.000,"TEL:H=0.41,E=0.00,C=0.00,L=25.00,R=25.00"
12.871,330,0,0,,,,,,,,,12.861,0.011,MOVING,FORWARD,ACK:FORWARD,0.440,0.000,0.000,25.000,25.000,"TEL:H=0.44,E=0.00,C=0.00,L=25.00,R=25.00"
12.907,331,0,0,,,,,,,,,12.861,0.047,MOVING,FORWARD,ACK:FORWARD,0.440,0.000,0.000,25.000,25.000,"TEL:H=0.44,E=0.00,C=0.00,L=25.00,R=25.00"
12.939,332,0,0,,,,,,,,,12.861,0.078,MOVING,FORWARD,ACK:FORWARD,0.440,0.000,0.000,25.000,25.000,"TEL:H=0.44,E=0.00,C=0.00,L=25.00,R=25.00"
12.977,333,0,0,,,,,,,,,12.861,0.116,MOVING,FORWARD,ACK:FORWARD,0.440,0.000,0.000,25.000,25.000,"TEL:H=0.44,E=0.00,C=0.00,L=25.00,R=25.00"
13.007,334,0,0,,,,,,,,,12.861,0.146,MOVING,FORWARD,ACK:FORWARD,0.440,0.000,0.000,25.000,25.000,"TEL:H=0.44,E=0.00,C=0.00,L=25.00,R=25.00"
13.039,335,0,0,,,,,,,,,12.861,0.179,MOVING,FORWARD,ACK:FORWARD,0.440,0.000,0.000,25.000,25.000,"TEL:H=0.44,E=0.00,C=0.00,L=25.00,R=25.00"
13.076,336,0,0,,,,,,,,,13.062,0.013,MOVING,FORWARD,ACK:FORWARD,0.460,0.000,0.000,25.000,25.000,"TEL:H=0.46,E=0.00,C=0.00,L=25.00,R=25.00"
13.108,337,0,0,,,,,,,,,13.062,0.045,MOVING,FORWARD,ACK:FORWARD,0.460,0.000,0.000,25.000,25.000,"TEL:H=0.46,E=0.00,C=0.00,L=25.00,R=25.00"
13.142,338,0,0,,,,,,,,,13.062,0.080,MOVING,FORWARD,ACK:FORWARD,0.460,0.000,0.000,25.000,25.000,"TEL:H=0.46,E=0.00,C=0.00,L=25.00,R=25.00"
13.175,339,0,0,,,,,,,,,13.062,0.113,MOVING,FORWARD,ACK:FORWARD,0.460,0.000,0.000,25.000,25.000,"TEL:H=0.46,E=0.00,C=0.00,L=25.00,R=25.00"
13.207,340,0,0,,,,,,,,,13.062,0.145,MOVING,FORWARD,ACK:FORWARD,0.460,0.000,0.000,25.000,25.000,"TEL:H=0.46,E=0.00,C=0.00,L=25.00,R=25.00"
13.243,341,0,0,,,,,,,,,13.062,0.181,MOVING,FORWARD,ACK:FORWARD,0.460,0.000,0.000,25.000,25.000,"TEL:H=0.46,E=0.00,C=0.00,L=25.00,R=25.00"
13.276,342,0,0,,,,,,,,,13.263,0.012,MOVING,FORWARD,ACK:FORWARD,0.480,0.520,-0.520,25.520,24.480,"TEL:H=0.48,E=0.52,C=-0.52,L=25.52,R=24.48"
13.307,343,0,0,,,,,,,,,13.263,0.044,MOVING,FORWARD,ACK:FORWARD,0.480,0.520,-0.520,25.520,24.480,"TEL:H=0.48,E=0.52,C=-0.52,L=25.52,R=24.48"
13.343,344,0,0,,,,,,,,,13.263,0.080,MOVING,FORWARD,ACK:FORWARD,0.480,0.520,-0.520,25.520,24.480,"TEL:H=0.48,E=0.52,C=-0.52,L=25.52,R=24.48"
13.375,345,0,0,,,,,,,,,13.263,0.112,MOVING,FORWARD,ACK:FORWARD,0.480,0.520,-0.520,25.520,24.480,"TEL:H=0.48,E=0.52,C=-0.52,L=25.52,R=24.48"
13.411,346,0,0,,,,,,,,,13.263,0.148,MOVING,FORWARD,ACK:FORWARD,0.480,0.520,-0.520,25.520,24.480,"TEL:H=0.48,E=0.52,C=-0.52,L=25.52,R=24.48"
13.443,347,0,0,,,,,,,,,13.263,0.180,MOVING,FORWARD,ACK:FORWARD,0.480,0.520,-0.520,25.520,24.480,"TEL:H=0.48,E=0.52,C=-0.52,L=25.52,R=24.48"
13.475,348,0,0,,,,,,,,,13.465,0.010,MOVING,FORWARD,ACK:FORWARD,0.340,0.000,0.000,25.000,25.000,"TEL:H=0.34,E=0.00,C=0.00,L=25.00,R=25.00"
13.514,349,0,0,,,,,,,,,13.465,0.049,MOVING,FORWARD,ACK:FORWARD,0.340,0.000,0.000,25.000,25.000,"TEL:H=0.34,E=0.00,C=0.00,L=25.00,R=25.00"
13.543,350,0,0,,,,,,,,,13.465,0.078,MOVING,FORWARD,ACK:FORWARD,0.340,0.000,0.000,25.000,25.000,"TEL:H=0.34,E=0.00,C=0.00,L=25.00,R=25.00"
13.580,351,0,0,,,,,,,,,13.465,0.114,MOVING,FORWARD,ACK:FORWARD,0.340,0.000,0.000,25.000,25.000,"TEL:H=0.34,E=0.00,C=0.00,L=25.00,R=25.00"
13.611,352,0,0,,,,,,,,,13.465,0.146,MOVING,FORWARD,ACK:FORWARD,0.340,0.000,0.000,25.000,25.000,"TEL:H=0.34,E=0.00,C=0.00,L=25.00,R=25.00"
13.643,353,0,0,,,,,,,,,13.465,0.178,MOVING,FORWARD,ACK:FORWARD,0.340,0.000,0.000,25.000,25.000,"TEL:H=0.34,E=0.00,C=0.00,L=25.00,R=25.00"
13.679,354,0,0,,,,,,,,,13.667,0.013,MOVING,FORWARD,ACK:FORWARD,0.360,0.000,0.000,25.000,25.000,"TEL:H=0.36,E=0.00,C=0.00,L=25.00,R=25.00"
13.711,355,0,0,,,,,,,,,13.667,0.045,MOVING,FORWARD,ACK:FORWARD,0.360,0.000,0.000,25.000,25.000,"TEL:H=0.36,E=0.00,C=0.00,L=25.00,R=25.00"
13.747,356,0,0,,,,,,,,,13.667,0.081,MOVING,FORWARD,ACK:FORWARD,0.360,0.000,0.000,25.000,25.000,"TEL:H=0.36,E=0.00,C=0.00,L=25.00,R=25.00"
13.780,357,0,0,,,,,,,,,13.667,0.113,MOVING,FORWARD,ACK:FORWARD,0.360,0.000,0.000,25.000,25.000,"TEL:H=0.36,E=0.00,C=0.00,L=25.00,R=25.00"
13.812,358,0,0,,,,,,,,,13.667,0.145,MOVING,FORWARD,ACK:FORWARD,0.360,0.000,0.000,25.000,25.000,"TEL:H=0.36,E=0.00,C=0.00,L=25.00,R=25.00"
13.847,359,0,0,,,,,,,,,13.667,0.181,MOVING,FORWARD,ACK:FORWARD,0.360,0.000,0.000,25.000,25.000,"TEL:H=0.36,E=0.00,C=0.00,L=25.00,R=25.00"
13.879,360,0,0,,,,,,,,,13.868,0.012,MOVING,FORWARD,ACK:FORWARD,0.320,0.000,0.000,25.000,25.000,"TEL:H=0.32,E=0.00,C=0.00,L=25.00,R=25.00"
13.912,361,0,0,,,,,,,,,13.868,0.044,MOVING,FORWARD,ACK:FORWARD,0.320,0.000,0.000,25.000,25.000,"TEL:H=0.32,E=0.00,C=0.00,L=25.00,R=25.00"
13.947,362,0,0,,,,,,,,,13.868,0.080,MOVING,FORWARD,ACK:FORWARD,0.320,0.000,0.000,25.000,25.000,"TEL:H=0.32,E=0.00,C=0.00,L=25.00,R=25.00"
13.979,363,0,0,,,,,,,,,13.868,0.112,MOVING,FORWARD,ACK:FORWARD,0.320,0.000,0.000,25.000,25.000,"TEL:H=0.32,E=0.00,C=0.00,L=25.00,R=25.00"
14.015,364,0,0,,,,,,,,,13.868,0.147,MOVING,FORWARD,ACK:FORWARD,0.320,0.000,0.000,25.000,25.000,"TEL:H=0.32,E=0.00,C=0.00,L=25.00,R=25.00"
14.047,365,0,0,,,,,,,,,13.868,0.180,MOVING,FORWARD,ACK:FORWARD,0.320,0.000,0.000,25.000,25.000,"TEL:H=0.32,E=0.00,C=0.00,L=25.00,R=25.00"
14.079,366,0,0,,,,,,,,,14.070,0.009,MOVING,FORWARD,ACK:FORWARD,0.380,0.000,0.000,25.000,25.000,"TEL:H=0.38,E=0.00,C=0.00,L=25.00,R=25.00"
14.115,367,0,0,,,,,,,,,14.070,0.045,MOVING,FORWARD,ACK:FORWARD,0.380,0.000,0.000,25.000,25.000,"TEL:H=0.38,E=0.00,C=0.00,L=25.00,R=25.00"
14.147,368,0,0,,,,,,,,,14.070,0.077,MOVING,FORWARD,ACK:FORWARD,0.380,0.000,0.000,25.000,25.000,"TEL:H=0.38,E=0.00,C=0.00,L=25.00,R=25.00"
14.183,369,0,0,,,,,,,,,14.070,0.113,MOVING,FORWARD,ACK:FORWARD,0.380,0.000,0.000,25.000,25.000,"TEL:H=0.38,E=0.00,C=0.00,L=25.00,R=25.00"
14.218,370,0,0,,,,,,,,,14.070,0.147,MOVING,FORWARD,ACK:FORWARD,0.380,0.000,0.000,25.000,25.000,"TEL:H=0.38,E=0.00,C=0.00,L=25.00,R=25.00"
14.247,371,0,0,,,,,,,,,14.070,0.177,MOVING,FORWARD,ACK:FORWARD,0.380,0.000,0.000,25.000,25.000,"TEL:H=0.38,E=0.00,C=0.00,L=25.00,R=25.00"
14.283,372,0,0,,,,,,,,,14.271,0.012,MOVING,FORWARD,ACK:FORWARD,0.310,0.000,0.000,25.000,25.000,"TEL:H=0.31,E=0.00,C=0.00,L=25.00,R=25.00"
14.315,373,0,0,,,,,,,,,14.271,0.044,MOVING,FORWARD,ACK:FORWARD,0.310,0.000,0.000,25.000,25.000,"TEL:H=0.31,E=0.00,C=0.00,L=25.00,R=25.00"
14.351,374,0,0,,,,,,,,,14.271,0.080,MOVING,FORWARD,ACK:FORWARD,0.310,0.000,0.000,25.000,25.000,"TEL:H=0.31,E=0.00,C=0.00,L=25.00,R=25.00"
14.383,375,0,0,,,,,,,,,14.271,0.112,MOVING,FORWARD,ACK:FORWARD,0.310,0.000,0.000,25.000,25.000,"TEL:H=0.31,E=0.00,C=0.00,L=25.00,R=25.00"
14.415,376,0,0,,,,,,,,,14.271,0.144,MOVING,FORWARD,ACK:FORWARD,0.310,0.000,0.000,25.000,25.000,"TEL:H=0.31,E=0.00,C=0.00,L=25.00,R=25.00"
14.451,377,0,0,,,,,,,,,14.271,0.180,MOVING,FORWARD,ACK:FORWARD,0.310,0.000,0.000,25.000,25.000,"TEL:H=0.31,E=0.00,C=0.00,L=25.00,R=25.00"
14.484,378,0,0,,,,,,,,,14.473,0.011,MOVING,FORWARD,ACK:FORWARD,0.440,0.000,0.000,25.000,25.000,"TEL:H=0.44,E=0.00,C=0.00,L=25.00,R=25.00"
14.519,379,0,0,,,,,,,,,14.473,0.047,MOVING,FORWARD,ACK:FORWARD,0.440,0.000,0.000,25.000,25.000,"TEL:H=0.44,E=0.00,C=0.00,L=25.00,R=25.00"
14.551,380,0,0,,,,,,,,,14.473,0.079,MOVING,FORWARD,ACK:FORWARD,0.440,0.000,0.000,25.000,25.000,"TEL:H=0.44,E=0.00,C=0.00,L=25.00,R=25.00"
14.584,381,0,0,,,,,,,,,14.473,0.111,MOVING,FORWARD,ACK:FORWARD,0.440,0.000,0.000,25.000,25.000,"TEL:H=0.44,E=0.00,C=0.00,L=25.00,R=25.00"
14.619,382,0,0,,,,,,,,,14.473,0.147,MOVING,FORWARD,ACK:FORWARD,0.440,0.000,0.000,25.000,25.000,"TEL:H=0.44,E=0.00,C=0.00,L=25.00,R=25.00"
14.651,383,0,0,,,,,,,,,14.473,0.179,MOVING,FORWARD,ACK:FORWARD,0.440,0.000,0.000,25.000,25.000,"TEL:H=0.44,E=0.00,C=0.00,L=25.00,R=25.00"
14.687,384,0,0,,,,,,,,,14.675,0.013,MOVING,FORWARD,ACK:FORWARD,0.480,0.000,0.000,25.000,25.000,"TEL:H=0.48,E=0.00,C=0.00,L=25.00,R=25.00"
14.719,385,0,0,,,,,,,,,14.675,0.045,MOVING,FORWARD,ACK:FORWARD,0.480,0.000,0.000,25.000,25.000,"TEL:H=0.48,E=0.00,C=0.00,L=25.00,R=25.00"
14.751,386,0,0,,,,,,,,,14.675,0.077,MOVING,FORWARD,ACK:FORWARD,0.480,0.000,0.000,25.000,25.000,"TEL:H=0.48,E=0.00,C=0.00,L=25.00,R=25.00"
14.787,387,0,0,,,,,,,,,14.675,0.112,MOVING,FORWARD,ACK:FORWARD,0.480,0.000,0.000,25.000,25.000,"TEL:H=0.48,E=0.00,C=0.00,L=25.00,R=25.00"
14.820,388,0,0,,,,,,,,,14.675,0.145,MOVING,FORWARD,ACK:FORWARD,0.480,0.000,0.000,25.000,25.000,"TEL:H=0.48,E=0.00,C=0.00,L=25.00,R=25.00"
14.851,389,0,0,,,,,,,,,14.675,0.176,MOVING,FORWARD,ACK:FORWARD,0.480,0.000,0.000,25.000,25.000,"TEL:H=0.48,E=0.00,C=0.00,L=25.00,R=25.00"
14.888,390,0,0,,,,,,,,,14.876,0.011,MOVING,FORWARD,ACK:FORWARD,0.470,0.000,0.000,25.000,25.000,"TEL:H=0.47,E=0.00,C=0.00,L=25.00,R=25.00"
14.919,391,0,0,,,,,,,,,14.876,0.043,MOVING,FORWARD,ACK:FORWARD,0.470,0.000,0.000,25.000,25.000,"TEL:H=0.47,E=0.00,C=0.00,L=25.00,R=25.00"
14.956,392,0,0,,,,,,,,,14.876,0.079,MOVING,FORWARD,ACK:FORWARD,0.470,0.000,0.000,25.000,25.000,"TEL:H=0.47,E=0.00,C=0.00,L=25.00,R=25.00"
14.988,393,0,0,,,,,,,,,14.876,0.111,MOVING,FORWARD,ACK:FORWARD,0.470,0.000,0.000,25.000,25.000,"TEL:H=0.47,E=0.00,C=0.00,L=25.00,R=25.00"
15.019,394,0,0,,,,,,,,,14.876,0.143,MOVING,FORWARD,ACK:FORWARD,0.470,0.000,0.000,25.000,25.000,"TEL:H=0.47,E=0.00,C=0.00,L=25.00,R=25.00"
15.056,395,0,0,,,,,,,,,14.876,0.179,MOVING,FORWARD,ACK:FORWARD,0.470,0.000,0.000,25.000,25.000,"TEL:H=0.47,E=0.00,C=0.00,L=25.00,R=25.00"
15.088,396,0,0,,,,,,,,,15.080,0.008,MOVING,FORWARD,ACK:FORWARD,0.460,0.000,0.000,25.000,25.000,"TEL:H=0.46,E=0.00,C=0.00,L=25.00,R=25.00"
15.123,397,0,0,,,,,,,,,15.080,0.044,MOVING,FORWARD,ACK:FORWARD,0.460,0.000,0.000,25.000,25.000,"TEL:H=0.46,E=0.00,C=0.00,L=25.00,R=25.00"
15.155,398,0,0,,,,,,,,,15.080,0.076,MOVING,FORWARD,ACK:FORWARD,0.460,0.000,0.000,25.000,25.000,"TEL:H=0.46,E=0.00,C=0.00,L=25.00,R=25.00"
15.188,399,0,0,,,,,,,,,15.080,0.108,MOVING,FORWARD,ACK:FORWARD,0.460,0.000,0.000,25.000,25.000,"TEL:H=0.46,E=0.00,C=0.00,L=25.00,R=25.00"
15.223,400,0,0,,,,,,,,,15.080,0.144,MOVING,FORWARD,ACK:FORWARD,0.460,0.000,0.000,25.000,25.000,"TEL:H=0.46,E=0.00,C=0.00,L=25.00,R=25.00"
15.255,401,0,0,,,,,,,,,15.080,0.176,MOVING,FORWARD,ACK:FORWARD,0.460,0.000,0.000,25.000,25.000,"TEL:H=0.46,E=0.00,C=0.00,L=25.00,R=25.00"
15.291,402,0,0,,,,,,,,,15.280,0.012,MOVING,FORWARD,ACK:FORWARD,0.430,0.000,0.000,25.000,25.000,"TEL:H=0.43,E=0.00,C=0.00,L=25.00,R=25.00"
15.323,403,0,0,,,,,,,,,15.280,0.044,MOVING,FORWARD,ACK:FORWARD,0.430,0.000,0.000,25.000,25.000,"TEL:H=0.43,E=0.00,C=0.00,L=25.00,R=25.00"
15.355,404,0,0,,,,,,,,,15.280,0.076,MOVING,FORWARD,ACK:FORWARD,0.430,0.000,0.000,25.000,25.000,"TEL:H=0.43,E=0.00,C=0.00,L=25.00,R=25.00"
15.391,405,0,0,,,,,,,,,15.280,0.112,MOVING,FORWARD,ACK:FORWARD,0.430,0.000,0.000,25.000,25.000,"TEL:H=0.43,E=0.00,C=0.00,L=25.00,R=25.00"
15.424,406,0,0,,,,,,,,,15.280,0.144,MOVING,FORWARD,ACK:FORWARD,0.430,0.000,0.000,25.000,25.000,"TEL:H=0.43,E=0.00,C=0.00,L=25.00,R=25.00"
15.459,407,0,0,,,,,,,,,15.280,0.180,MOVING,FORWARD,ACK:FORWARD,0.430,0.000,0.000,25.000,25.000,"TEL:H=0.43,E=0.00,C=0.00,L=25.00,R=25.00"
15.492,408,0,0,,,,,,,,,15.481,0.011,MOVING,FORWARD,ACK:FORWARD,0.450,0.000,0.000,25.000,25.000,"TEL:H=0.45,E=0.00,C=0.00,L=25.00,R=25.00"
15.523,409,0,0,,,,,,,,,15.481,0.043,MOVING,FORWARD,ACK:FORWARD,0.450,0.000,0.000,25.000,25.000,"TEL:H=0.45,E=0.00,C=0.00,L=25.00,R=25.00"
15.560,410,0,0,,,,,,,,,15.481,0.079,MOVING,FORWARD,ACK:FORWARD,0.450,0.000,0.000,25.000,25.000,"TEL:H=0.45,E=0.00,C=0.00,L=25.00,R=25.00"
15.592,411,0,0,,,,,,,,,15.481,0.111,MOVING,FORWARD,ACK:FORWARD,0.450,0.000,0.000,25.000,25.000,"TEL:H=0.45,E=0.00,C=0.00,L=25.00,R=25.00"
15.624,412,0,0,,,,,,,,,15.481,0.143,MOVING,FORWARD,ACK:FORWARD,0.450,0.000,0.000,25.000,25.000,"TEL:H=0.45,E=0.00,C=0.00,L=25.00,R=25.00"
15.660,413,0,0,,,,,,,,,15.481,0.179,MOVING,FORWARD,ACK:FORWARD,0.450,0.000,0.000,25.000,25.000,"TEL:H=0.45,E=0.00,C=0.00,L=25.00,R=25.00"
15.692,414,0,0,,,,,,,,,15.682,0.009,MOVING,FORWARD,ACK:FORWARD,0.450,0.000,0.000,25.000,25.000,"TEL:H=0.45,E=0.00,C=0.00,L=25.00,R=25.00"
15.728,415,0,0,,,,,,,,,15.682,0.045,MOVING,FORWARD,ACK:FORWARD,0.450,0.000,0.000,25.000,25.000,"TEL:H=0.45,E=0.00,C=0.00,L=25.00,R=25.00"
15.760,416,0,0,,,,,,,,,15.682,0.077,MOVING,FORWARD,ACK:FORWARD,0.450,0.000,0.000,25.000,25.000,"TEL:H=0.45,E=0.00,C=0.00,L=25.00,R=25.00"
15.792,417,0,0,,,,,,,,,15.682,0.109,MOVING,FORWARD,ACK:FORWARD,0.450,0.000,0.000,25.000,25.000,"TEL:H=0.45,E=0.00,C=0.00,L=25.00,R=25.00"
15.828,418,0,0,,,,,,,,,15.682,0.145,MOVING,FORWARD,ACK:FORWARD,0.450,0.000,0.000,25.000,25.000,"TEL:H=0.45,E=0.00,C=0.00,L=25.00,R=25.00"
15.859,419,0,0,,,,,,,,,15.682,0.177,MOVING,FORWARD,ACK:FORWARD,0.450,0.000,0.000,25.000,25.000,"TEL:H=0.45,E=0.00,C=0.00,L=25.00,R=25.00"
15.895,420,0,0,,,,,,,,,15.884,0.012,MOVING,FORWARD,ACK:FORWARD,0.490,0.000,0.000,25.000,25.000,"TEL:H=0.49,E=0.00,C=0.00,L=25.00,R=25.00"
15.928,421,0,0,,,,,,,,,15.884,0.044,MOVING,FORWARD,ACK:FORWARD,0.490,0.000,0.000,25.000,25.000,"TEL:H=0.49,E=0.00,C=0.00,L=25.00,R=25.00"
15.961,422,0,0,,,,,,,,,15.884,0.077,MOVING,FORWARD,ACK:FORWARD,0.490,0.000,0.000,25.000,25.000,"TEL:H=0.49,E=0.00,C=0.00,L=25.00,R=25.00"
15.995,423,0,0,,,,,,,,,15.884,0.112,MOVING,FORWARD,ACK:FORWARD,0.490,0.000,0.000,25.000,25.000,"TEL:H=0.49,E=0.00,C=0.00,L=25.00,R=25.00"
16.028,424,0,0,,,,,,,,,15.884,0.144,MOVING,FORWARD,ACK:FORWARD,0.490,0.000,0.000,25.000,25.000,"TEL:H=0.49,E=0.00,C=0.00,L=25.00,R=25.00"
16.063,425,0,0,,,,,,,,,15.884,0.180,MOVING,FORWARD,ACK:FORWARD,0.490,0.000,0.000,25.000,25.000,"TEL:H=0.49,E=0.00,C=0.00,L=25.00,R=25.00"
16.095,426,0,0,,,,,,,,,16.086,0.010,MOVING,FORWARD,ACK:FORWARD,0.280,0.000,0.000,25.000,25.000,"TEL:H=0.28,E=0.00,C=0.00,L=25.00,R=25.00"
16.128,427,0,0,,,,,,,,,16.086,0.043,MOVING,FORWARD,ACK:FORWARD,0.280,0.000,0.000,25.000,25.000,"TEL:H=0.28,E=0.00,C=0.00,L=25.00,R=25.00"
16.163,428,0,0,,,,,,,,,16.086,0.078,MOVING,FORWARD,ACK:FORWARD,0.280,0.000,0.000,25.000,25.000,"TEL:H=0.28,E=0.00,C=0.00,L=25.00,R=25.00"
16.195,429,0,0,,,,,,,,,16.086,0.110,MOVING,FORWARD,ACK:FORWARD,0.280,0.000,0.000,25.000,25.000,"TEL:H=0.28,E=0.00,C=0.00,L=25.00,R=25.00"
16.231,430,0,0,,,,,,,,,16.086,0.146,MOVING,FORWARD,ACK:FORWARD,0.280,0.000,0.000,25.000,25.000,"TEL:H=0.28,E=0.00,C=0.00,L=25.00,R=25.00"
16.266,431,0,0,,,,,,,,,16.086,0.180,MOVING,FORWARD,ACK:FORWARD,0.280,0.000,0.000,25.000,25.000,"TEL:H=0.28,E=0.00,C=0.00,L=25.00,R=25.00"
16.296,432,0,0,,,,,,,,,16.288,0.009,MOVING,FORWARD,ACK:FORWARD,0.380,0.000,0.000,25.000,25.000,"TEL:H=0.38,E=0.00,C=0.00,L=25.00,R=25.00"
16.332,433,0,0,,,,,,,,,16.288,0.044,MOVING,FORWARD,ACK:FORWARD,0.380,0.000,0.000,25.000,25.000,"TEL:H=0.38,E=0.00,C=0.00,L=25.00,R=25.00"
16.363,434,0,0,,,,,,,,,16.288,0.076,MOVING,FORWARD,ACK:FORWARD,0.380,0.000,0.000,25.000,25.000,"TEL:H=0.38,E=0.00,C=0.00,L=25.00,R=25.00"
16.400,435,0,0,,,,,,,,,16.288,0.112,MOVING,FORWARD,ACK:FORWARD,0.380,0.000,0.000,25.000,25.000,"TEL:H=0.38,E=0.00,C=0.00,L=25.00,R=25.00"
16.431,436,0,0,,,,,,,,,16.288,0.144,MOVING,FORWARD,ACK:FORWARD,0.380,0.000,0.000,25.000,25.000,"TEL:H=0.38,E=0.00,C=0.00,L=25.00,R=25.00"
16.464,437,0,0,,,,,,,,,16.288,0.176,MOVING,FORWARD,ACK:FORWARD,0.380,0.000,0.000,25.000,25.000,"TEL:H=0.38,E=0.00,C=0.00,L=25.00,R=25.00"
16.500,438,0,0,,,,,,,,,16.489,0.012,MOVING,FORWARD,ACK:FORWARD,0.440,0.000,0.000,25.000,25.000,"TEL:H=0.44,E=0.00,C=0.00,L=25.00,R=25.00"
16.532,439,0,0,,,,,,,,,16.489,0.043,MOVING,FORWARD,ACK:FORWARD,0.440,0.000,0.000,25.000,25.000,"TEL:H=0.44,E=0.00,C=0.00,L=25.00,R=25.00"
16.564,440,0,0,,,,,,,,,16.489,0.075,MOVING,FORWARD,ACK:FORWARD,0.440,0.000,0.000,25.000,25.000,"TEL:H=0.44,E=0.00,C=0.00,L=25.00,R=25.00"
16.600,441,0,0,,,,,,,,,16.489,0.111,MOVING,FORWARD,ACK:FORWARD,0.440,0.000,0.000,25.000,25.000,"TEL:H=0.44,E=0.00,C=0.00,L=25.00,R=25.00"
16.631,442,0,0,,,,,,,,,16.489,0.143,MOVING,FORWARD,ACK:FORWARD,0.440,0.000,0.000,25.000,25.000,"TEL:H=0.44,E=0.00,C=0.00,L=25.00,R=25.00"
16.668,443,0,0,,,,,,,,,16.489,0.179,MOVING,FORWARD,ACK:FORWARD,0.440,0.000,0.000,25.000,25.000,"TEL:H=0.44,E=0.00,C=0.00,L=25.00,R=25.00"
16.700,444,0,0,,,,,,,,,16.691,0.009,MOVING,FORWARD,ACK:FORWARD,0.380,0.000,0.000,25.000,25.000,"TEL:H=0.38,E=0.00,C=0.00,L=25.00,R=25.00"
16.732,445,0,0,,,,,,,,,16.691,0.041,MOVING,FORWARD,ACK:FORWARD,0.380,0.000,0.000,25.000,25.000,"TEL:H=0.38,E=0.00,C=0.00,L=25.00,R=25.00"
16.768,446,0,0,,,,,,,,,16.691,0.077,MOVING,FORWARD,ACK:FORWARD,0.380,0.000,0.000,25.000,25.000,"TEL:H=0.38,E=0.00,C=0.00,L=25.00,R=25.00"
16.800,447,0,0,,,,,,,,,16.691,0.109,MOVING,FORWARD,ACK:FORWARD,0.380,0.000,0.000,25.000,25.000,"TEL:H=0.38,E=0.00,C=0.00,L=25.00,R=25.00"
16.836,448,0,0,,,,,,,,,16.691,0.144,MOVING,FORWARD,ACK:FORWARD,0.380,0.000,0.000,25.000,25.000,"TEL:H=0.38,E=0.00,C=0.00,L=25.00,R=25.00"
16.868,449,0,0,,,,,,,,,16.691,0.177,MOVING,FORWARD,ACK:FORWARD,0.380,0.000,0.000,25.000,25.000,"TEL:H=0.38,E=0.00,C=0.00,L=25.00,R=25.00"
16.901,450,0,0,,,,,,,,,16.892,0.009,MOVING,FORWARD,ACK:FORWARD,0.480,0.000,0.000,25.000,25.000,"TEL:H=0.48,E=0.00,C=0.00,L=25.00,R=25.00"
16.935,451,0,0,,,,,,,,,16.892,0.044,MOVING,FORWARD,ACK:FORWARD,0.480,0.000,0.000,25.000,25.000,"TEL:H=0.48,E=0.00,C=0.00,L=25.00,R=25.00"
16.970,452,0,0,,,,,,,,,16.892,0.078,MOVING,FORWARD,ACK:FORWARD,0.480,0.000,0.000,25.000,25.000,"TEL:H=0.48,E=0.00,C=0.00,L=25.00,R=25.00"
17.003,453,0,0,,,,,,,,,16.892,0.112,MOVING,FORWARD,ACK:FORWARD,0.480,0.000,0.000,25.000,25.000,"TEL:H=0.48,E=0.00,C=0.00,L=25.00,R=25.00"
17.035,454,0,0,,,,,,,,,16.892,0.144,MOVING,FORWARD,ACK:FORWARD,0.480,0.000,0.000,25.000,25.000,"TEL:H=0.48,E=0.00,C=0.00,L=25.00,R=25.00"
17.068,455,0,0,,,,,,,,,16.892,0.176,MOVING,FORWARD,ACK:FORWARD,0.480,0.000,0.000,25.000,25.000,"TEL:H=0.48,E=0.00,C=0.00,L=25.00,R=25.00"
17.104,456,0,0,,,,,,,,,17.093,0.011,MOVING,FORWARD,ACK:FORWARD,0.420,0.000,0.000,25.000,25.000,"TEL:H=0.42,E=0.00,C=0.00,L=25.00,R=25.00"
17.136,457,0,0,,,,,,,,,17.093,0.043,MOVING,FORWARD,ACK:FORWARD,0.420,0.000,0.000,25.000,25.000,"TEL:H=0.42,E=0.00,C=0.00,L=25.00,R=25.00"
17.171,458,0,0,,,,,,,,,17.093,0.079,MOVING,FORWARD,ACK:FORWARD,0.420,0.000,0.000,25.000,25.000,"TEL:H=0.42,E=0.00,C=0.00,L=25.00,R=25.00"
17.203,459,0,0,,,,,,,,,17.093,0.111,MOVING,FORWARD,ACK:FORWARD,0.420,0.000,0.000,25.000,25.000,"TEL:H=0.42,E=0.00,C=0.00,L=25.00,R=25.00"
17.238,460,0,0,,,,,,,,,17.093,0.145,MOVING,FORWARD,ACK:FORWARD,0.420,0.000,0.000,25.000,25.000,"TEL:H=0.42,E=0.00,C=0.00,L=25.00,R=25.00"
17.272,461,0,0,,,,,,,,,17.093,0.179,MOVING,FORWARD,ACK:FORWARD,0.420,0.000,0.000,25.000,25.000,"TEL:H=0.42,E=0.00,C=0.00,L=25.00,R=25.00"
17.304,462,0,0,,,,,,,,,17.295,0.009,MOVING,FORWARD,ACK:FORWARD,0.390,0.000,0.000,25.000,25.000,"TEL:H=0.39,E=0.00,C=0.00,L=25.00,R=25.00"
17.338,463,0,0,,,,,,,,,17.295,0.043,MOVING,FORWARD,ACK:FORWARD,0.390,0.000,0.000,25.000,25.000,"TEL:H=0.39,E=0.00,C=0.00,L=25.00,R=25.00"
17.371,464,0,0,,,,,,,,,17.295,0.076,MOVING,FORWARD,ACK:FORWARD,0.390,0.000,0.000,25.000,25.000,"TEL:H=0.39,E=0.00,C=0.00,L=25.00,R=25.00"
17.404,465,0,0,,,,,,,,,17.295,0.109,MOVING,FORWARD,ACK:FORWARD,0.390,0.000,0.000,25.000,25.000,"TEL:H=0.39,E=0.00,C=0.00,L=25.00,R=25.00"
17.440,466,0,0,,,,,,,,,17.295,0.145,MOVING,FORWARD,ACK:FORWARD,0.390,0.000,0.000,25.000,25.000,"TEL:H=0.39,E=0.00,C=0.00,L=25.00,R=25.00"
17.472,467,0,0,,,,,,,,,17.295,0.177,MOVING,FORWARD,ACK:FORWARD,0.390,0.000,0.000,25.000,25.000,"TEL:H=0.39,E=0.00,C=0.00,L=25.00,R=25.00"
17.506,468,0,0,,,,,,,,,17.497,0.009,MOVING,FORWARD,ACK:FORWARD,0.460,0.000,0.000,25.000,25.000,"TEL:H=0.46,E=0.00,C=0.00,L=25.00,R=25.00"
17.540,469,0,0,,,,,,,,,17.497,0.043,MOVING,FORWARD,ACK:FORWARD,0.460,0.000,0.000,25.000,25.000,"TEL:H=0.46,E=0.00,C=0.00,L=25.00,R=25.00"
17.574,470,0,0,,,,,,,,,17.497,0.077,MOVING,FORWARD,ACK:FORWARD,0.460,0.000,0.000,25.000,25.000,"TEL:H=0.46,E=0.00,C=0.00,L=25.00,R=25.00"
17.608,471,0,0,,,,,,,,,17.497,0.111,MOVING,FORWARD,ACK:FORWARD,0.460,0.000,0.000,25.000,25.000,"TEL:H=0.46,E=0.00,C=0.00,L=25.00,R=25.00"
17.639,472,0,0,,,,,,,,,17.497,0.143,MOVING,FORWARD,ACK:FORWARD,0.460,0.000,0.000,25.000,25.000,"TEL:H=0.46,E=0.00,C=0.00,L=25.00,R=25.00"
17.672,473,0,0,,,,,,,,,17.497,0.175,MOVING,FORWARD,ACK:FORWARD,0.460,0.000,0.000,25.000,25.000,"TEL:H=0.46,E=0.00,C=0.00,L=25.00,R=25.00"
17.708,474,0,0,,,,,,,,,17.698,0.010,MOVING,FORWARD,ACK:FORWARD,0.480,0.000,0.000,25.000,25.000,"TEL:H=0.48,E=0.00,C=0.00,L=25.00,R=25.00"
17.740,475,0,0,,,,,,,,,17.698,0.042,MOVING,FORWARD,ACK:FORWARD,0.480,0.000,0.000,25.000,25.000,"TEL:H=0.48,E=0.00,C=0.00,L=25.00,R=25.00"
17.776,476,0,0,,,,,,,,,17.698,0.078,MOVING,FORWARD,ACK:FORWARD,0.480,0.000,0.000,25.000,25.000,"TEL:H=0.48,E=0.00,C=0.00,L=25.00,R=25.00"
17.808,477,0,0,,,,,,,,,17.698,0.110,MOVING,FORWARD,ACK:FORWARD,0.480,0.000,0.000,25.000,25.000,"TEL:H=0.48,E=0.00,C=0.00,L=25.00,R=25.00"
17.840,478,0,0,,,,,,,,,17.698,0.142,MOVING,FORWARD,ACK:FORWARD,0.480,0.000,0.000,25.000,25.000,"TEL:H=0.48,E=0.00,C=0.00,L=25.00,R=25.00"
17.876,479,0,0,,,,,,,,,17.698,0.178,MOVING,FORWARD,ACK:FORWARD,0.480,0.000,0.000,25.000,25.000,"TEL:H=0.48,E=0.00,C=0.00,L=25.00,R=25.00"
17.908,480,0,0,,,,,,,,,17.900,0.008,MOVING,FORWARD,ACK:FORWARD,0.400,0.000,0.000,25.000,25.000,"TEL:H=0.40,E=0.00,C=0.00,L=25.00,R=25.00"
17.944,481,0,0,,,,,,,,,17.900,0.044,MOVING,FORWARD,ACK:FORWARD,0.400,0.000,0.000,25.000,25.000,"TEL:H=0.40,E=0.00,C=0.00,L=25.00,R=25.00"
17.976,482,0,0,,,,,,,,,17.900,0.076,MOVING,FORWARD,ACK:FORWARD,0.400,0.000,0.000,25.000,25.000,"TEL:H=0.40,E=0.00,C=0.00,L=25.00,R=25.00"
18.008,483,0,0,,,,,,,,,17.900,0.108,MOVING,FORWARD,ACK:FORWARD,0.400,0.000,0.000,25.000,25.000,"TEL:H=0.40,E=0.00,C=0.00,L=25.00,R=25.00"
18.044,484,0,0,,,,,,,,,17.900,0.144,MOVING,FORWARD,ACK:FORWARD,0.400,0.000,0.000,25.000,25.000,"TEL:H=0.40,E=0.00,C=0.00,L=25.00,R=25.00"
18.075,485,0,0,,,,,,,,,17.900,0.176,MOVING,FORWARD,ACK:FORWARD,0.400,0.000,0.000,25.000,25.000,"TEL:H=0.40,E=0.00,C=0.00,L=25.00,R=25.00"
18.112,486,0,0,,,,,,,,,18.101,0.011,MOVING,FORWARD,ACK:FORWARD,0.420,0.000,0.000,25.000,25.000,"TEL:H=0.42,E=0.00,C=0.00,L=25.00,R=25.00"
18.144,487,0,0,,,,,,,,,18.101,0.043,MOVING,FORWARD,ACK:FORWARD,0.420,0.000,0.000,25.000,25.000,"TEL:H=0.42,E=0.00,C=0.00,L=25.00,R=25.00"
18.176,488,0,0,,,,,,,,,18.101,0.075,MOVING,FORWARD,ACK:FORWARD,0.420,0.000,0.000,25.000,25.000,"TEL:H=0.42,E=0.00,C=0.00,L=25.00,R=25.00"
18.212,489,0,0,,,,,,,,,18.101,0.111,MOVING,FORWARD,ACK:FORWARD,0.420,0.000,0.000,25.000,25.000,"TEL:H=0.42,E=0.00,C=0.00,L=25.00,R=25.00"
18.243,490,0,0,,,,,,,,,18.101,0.142,MOVING,FORWARD,ACK:FORWARD,0.420,0.000,0.000,25.000,25.000,"TEL:H=0.42,E=0.00,C=0.00,L=25.00,R=25.00"
18.276,491,0,0,,,,,,,,,18.101,0.175,MOVING,FORWARD,ACK:FORWARD,0.420,0.000,0.000,25.000,25.000,"TEL:H=0.42,E=0.00,C=0.00,L=25.00,R=25.00"
18.312,492,0,0,,,,,,,,,18.303,0.009,MOVING,FORWARD,ACK:FORWARD,0.470,0.000,0.000,25.000,25.000,"TEL:H=0.47,E=0.00,C=0.00,L=25.00,R=25.00"
18.344,493,0,0,,,,,,,,,18.303,0.041,MOVING,FORWARD,ACK:FORWARD,0.470,0.000,0.000,25.000,25.000,"TEL:H=0.47,E=0.00,C=0.00,L=25.00,R=25.00"
18.380,494,0,0,,,,,,,,,18.303,0.077,MOVING,FORWARD,ACK:FORWARD,0.470,0.000,0.000,25.000,25.000,"TEL:H=0.47,E=0.00,C=0.00,L=25.00,R=25.00"
18.412,495,0,0,,,,,,,,,18.303,0.109,MOVING,FORWARD,ACK:FORWARD,0.470,0.000,0.000,25.000,25.000,"TEL:H=0.47,E=0.00,C=0.00,L=25.00,R=25.00"
18.444,496,0,0,,,,,,,,,18.303,0.141,MOVING,FORWARD,ACK:FORWARD,0.470,0.000,0.000,25.000,25.000,"TEL:H=0.47,E=0.00,C=0.00,L=25.00,R=25.00"
18.480,497,0,0,,,,,,,,,18.303,0.177,MOVING,FORWARD,ACK:FORWARD,0.470,0.000,0.000,25.000,25.000,"TEL:H=0.47,E=0.00,C=0.00,L=25.00,R=25.00"
